week,store_nbr,family,forecast_demand,city,state,type,cluster,inventory_factor,current_inventory,target_inventory,inventory_ratio,inventory_status,shortage_units,surplus_units,outgoing_units,incoming_units,post_inventory,post_shortage_units
2017-08-07,1,AUTOMOTIVE,26,Quito,Pichincha,D,13,1.5287472582671562,40,31,1.2903225806451613,OVERSTOCK,0,9,9.0,0.0,31.0,0.0
2017-08-07,1,BABY CARE,3,Quito,Pichincha,D,13,1.1266541277024629,3,4,0.75,SHORTAGE,1,0,0.0,1.0,4.0,0.0
2017-08-07,1,BEAUTY,5,Quito,Pichincha,D,13,1.630317503893659,8,6,1.3333333333333333,OVERSTOCK,0,2,2.0,0.0,6.0,0.0
2017-08-07,1,BEVERAGES,14506,Quito,Pichincha,D,13,1.4368416348712367,20843,17407,1.1973918538518986,OVERSTOCK,0,3436,3436.0,0.0,17407.0,0.0
2017-08-07,1,BOOKS,3,Quito,Pichincha,D,13,0.7130128174651794,2,4,0.5,SHORTAGE,2,0,0.0,2.0,4.0,0.0
2017-08-07,1,BREAD/BAKERY,2345,Quito,Pichincha,D,13,1.7707468219641072,4152,2814,1.4754797441364607,OVERSTOCK,0,1338,1338.0,0.0,2814.0,0.0
2017-08-07,1,CELEBRATION,61,Quito,Pichincha,D,13,1.5133676423884237,92,73,1.2602739726027397,OVERSTOCK,0,19,19.0,0.0,73.0,0.0
2017-08-07,1,CLEANING,4233,Quito,Pichincha,D,13,1.5432771663323448,6533,5080,1.286023622047244,OVERSTOCK,0,1453,1453.0,0.0,5080.0,0.0
2017-08-07,1,DAIRY,4525,Quito,Pichincha,D,13,0.7537363592106551,3411,5430,0.6281767955801105,SHORTAGE,2019,0,0.0,2019.0,5430.0,0.0
2017-08-07,1,DELI,850,Quito,Pichincha,D,13,1.1404631254746807,969,1020,0.95,BALANCED,51,0,0.0,51.0,1020.0,0.0
2017-08-07,1,EGGS,842,Quito,Pichincha,D,13,1.0449576290790976,880,1010,0.8712871287128713,SHORTAGE,130,0,0.0,0.0,880.0,130.0
2017-08-07,1,FROZEN FOODS,843,Quito,Pichincha,D,13,1.7121179866183223,1443,1012,1.4258893280632412,OVERSTOCK,0,431,206.0,0.0,1237.0,0.0
2017-08-07,1,GROCERY I,16231,Quito,Pichincha,D,13,1.3726381440967976,22279,19477,1.143861991066386,OVERSTOCK,0,2802,0.0,0.0,22279.0,0.0
2017-08-07,1,GROCERY II,99,Quito,Pichincha,D,13,1.5873139359249961,157,119,1.319327731092437,OVERSTOCK,0,38,38.0,0.0,119.0,0.0
2017-08-07,1,HARDWARE,8,Quito,Pichincha,D,13,1.1320970385927973,9,10,0.9,BALANCED,1,0,0.0,1.0,10.0,0.0
2017-08-07,1,HOME AND KITCHEN I,136,Quito,Pichincha,D,13,0.8726864661417323,119,163,0.7300613496932515,SHORTAGE,44,0,0.0,4.0,123.0,40.0
2017-08-07,1,HOME AND KITCHEN II,157,Quito,Pichincha,D,13,1.2655017444190018,199,188,1.0585106382978724,BALANCED,0,0,0.0,0.0,199.0,0.0
2017-08-07,1,HOME APPLIANCES,4,Quito,Pichincha,D,13,0.6765807073250104,3,5,0.6,SHORTAGE,2,0,0.0,0.0,3.0,2.0
2017-08-07,1,HOME CARE,1327,Quito,Pichincha,D,13,1.5931574063910987,2114,1592,1.3278894472361809,OVERSTOCK,0,522,522.0,0.0,1592.0,0.0
2017-08-07,1,LADIESWEAR,76,Quito,Pichincha,D,13,1.3579972789464778,103,91,1.1318681318681318,OVERSTOCK,0,12,0.0,0.0,103.0,0.0
2017-08-07,1,LAWN AND GARDEN,86,Quito,Pichincha,D,13,1.5097052881024486,130,103,1.2621359223300972,OVERSTOCK,0,27,0.0,0.0,130.0,0.0
2017-08-07,1,LINGERIE,52,Quito,Pichincha,D,13,1.025431161755842,53,62,0.8548387096774194,SHORTAGE,9,0,0.0,0.0,53.0,9.0
2017-08-07,1,"LIQUOR,WINE,BEER",622,Quito,Pichincha,D,13,1.764837629273884,1098,746,1.4718498659517427,OVERSTOCK,0,352,352.0,0.0,746.0,0.0
2017-08-07,1,MAGAZINES,32,Quito,Pichincha,D,13,1.6717453455866373,53,38,1.394736842105263,OVERSTOCK,0,15,15.0,0.0,38.0,0.0
2017-08-07,1,MEATS,2164,Quito,Pichincha,D,13,1.5340601964885143,3320,2597,1.2783981517135157,OVERSTOCK,0,723,723.0,0.0,2597.0,0.0
2017-08-07,1,PERSONAL CARE,1026,Quito,Pichincha,D,13,0.8335664494223611,855,1231,0.6945572705117791,SHORTAGE,376,0,0.0,376.0,1231.0,0.0
2017-08-07,1,PET SUPPLIES,19,Quito,Pichincha,D,13,1.160065204472441,22,23,0.9565217391304348,BALANCED,1,0,0.0,0.0,22.0,1.0
2017-08-07,1,PLAYERS AND ELECTRONICS,44,Quito,Pichincha,D,13,0.6525645189446745,29,53,0.5471698113207547,SHORTAGE,24,0,0.0,24.0,53.0,0.0
2017-08-07,1,POULTRY,2141,Quito,Pichincha,D,13,0.7851473904810574,1681,2569,0.6543402101985208,SHORTAGE,888,0,0.0,888.0,2569.0,0.0
2017-08-07,1,PREPARED FOODS,404,Quito,Pichincha,D,13,1.4196587438909456,574,485,1.1835051546391753,OVERSTOCK,0,89,89.0,0.0,485.0,0.0
2017-08-07,1,PRODUCE,16052,Quito,Pichincha,D,13,1.4937145870893807,23977,19262,1.2447824732634203,OVERSTOCK,0,4715,4715.0,0.0,19262.0,0.0
2017-08-07,1,SCHOOL AND OFFICE SUPPLIES,4,Quito,Pichincha,D,13,1.7610116789210521,7,5,1.4,OVERSTOCK,0,2,2.0,0.0,5.0,0.0
2017-08-07,1,SEAFOOD,144,Quito,Pichincha,D,13,0.9909904297657823,143,173,0.8265895953757225,SHORTAGE,30,0,0.0,0.0,143.0,30.0
2017-08-07,2,AUTOMOTIVE,43,Quito,Pichincha,D,13,1.0445516472418428,45,52,0.8653846153846154,SHORTAGE,7,0,0.0,0.0,45.0,7.0
2017-08-07,2,BABY CARE,3,Quito,Pichincha,D,13,1.1634669735309695,3,4,0.75,SHORTAGE,1,0,0.0,1.0,4.0,0.0
2017-08-07,2,BEAUTY,30,Quito,Pichincha,D,13,0.8273656309011429,25,36,0.6944444444444444,SHORTAGE,11,0,0.0,0.0,25.0,11.0
2017-08-07,2,BEVERAGES,20964,Quito,Pichincha,D,13,0.755905806402566,15847,25157,0.6299240767977103,SHORTAGE,9310,0,0.0,9310.0,25157.0,0.0
2017-08-07,2,BOOKS,3,Quito,Pichincha,D,13,1.1708459114711205,4,4,1.0,BALANCED,0,0,0.0,0.0,4.0,0.0
2017-08-07,2,BREAD/BAKERY,4388,Quito,Pichincha,D,13,0.872291218861061,3828,5266,0.726927459172047,SHORTAGE,1438,0,0.0,1438.0,5266.0,0.0
2017-08-07,2,CELEBRATION,58,Quito,Pichincha,D,13,1.4037767936190124,81,70,1.1571428571428573,OVERSTOCK,0,11,11.0,0.0,70.0,0.0
2017-08-07,2,CLEANING,6253,Quito,Pichincha,D,13,1.124582302646797,7032,7504,0.9371002132196162,BALANCED,472,0,0.0,0.0,7032.0,472.0
2017-08-07,2,DAIRY,6013,Quito,Pichincha,D,13,1.599213835269405,9616,7216,1.3325942350332594,OVERSTOCK,0,2400,2400.0,0.0,7216.0,0.0
2017-08-07,2,DELI,1599,Quito,Pichincha,D,13,1.440318122402699,2303,1919,1.2001042209484107,OVERSTOCK,0,384,384.0,0.0,1919.0,0.0
2017-08-07,2,EGGS,1229,Quito,Pichincha,D,13,0.9748399696584493,1198,1475,0.8122033898305084,SHORTAGE,277,0,0.0,0.0,1198.0,277.0
2017-08-07,2,FROZEN FOODS,753,Quito,Pichincha,D,13,1.5987117616742414,1204,904,1.331858407079646,OVERSTOCK,0,300,43.0,0.0,1161.0,0.0
2017-08-07,2,GROCERY I,25542,Quito,Pichincha,D,13,1.5657172289961623,39992,30650,1.3047960848287112,OVERSTOCK,0,9342,8186.0,0.0,31806.0,0.0
2017-08-07,2,GROCERY II,283,Quito,Pichincha,D,13,1.0649740548362094,301,340,0.8852941176470588,SHORTAGE,39,0,0.0,0.0,301.0,39.0
2017-08-07,2,HARDWARE,12,Quito,Pichincha,D,13,0.945993724716293,11,14,0.7857142857142857,SHORTAGE,3,0,0.0,3.0,14.0,0.0
2017-08-07,2,HOME AND KITCHEN I,119,Quito,Pichincha,D,13,1.4189946047699706,169,143,1.1818181818181819,OVERSTOCK,0,26,26.0,0.0,143.0,0.0
2017-08-07,2,HOME AND KITCHEN II,133,Quito,Pichincha,D,13,0.7677029803311718,102,160,0.6375,SHORTAGE,58,0,0.0,58.0,160.0,0.0
2017-08-07,2,HOME APPLIANCES,4,Quito,Pichincha,D,13,0.83988984297013,3,5,0.6,SHORTAGE,2,0,0.0,2.0,5.0,0.0
2017-08-07,2,HOME CARE,1862,Quito,Pichincha,D,13,0.6088347237012066,1134,2234,0.5076096687555953,SHORTAGE,1100,0,0.0,1100.0,2234.0,0.0
2017-08-07,2,LADIESWEAR,180,Quito,Pichincha,D,13,1.5443092530025662,278,216,1.287037037037037,OVERSTOCK,0,62,34.0,0.0,244.0,0.0
2017-08-07,2,LAWN AND GARDEN,101,Quito,Pichincha,D,13,1.3978210279104386,141,121,1.165289256198347,OVERSTOCK,0,20,0.0,0.0,141.0,0.0
2017-08-07,2,LINGERIE,10,Quito,Pichincha,D,13,1.4461984543516022,14,12,1.1666666666666667,OVERSTOCK,0,2,2.0,0.0,12.0,0.0
2017-08-07,2,"LIQUOR,WINE,BEER",504,Quito,Pichincha,D,13,1.5368748372263616,775,605,1.28099173553719,OVERSTOCK,0,170,170.0,0.0,605.0,0.0
2017-08-07,2,MAGAZINES,44,Quito,Pichincha,D,13,1.150698930646008,51,53,0.9622641509433962,BALANCED,2,0,0.0,0.0,51.0,2.0
2017-08-07,2,MEATS,3575,Quito,Pichincha,D,13,1.2824894351434726,4585,4290,1.0687645687645688,BALANCED,0,0,0.0,0.0,4585.0,0.0
2017-08-07,2,PERSONAL CARE,1876,Quito,Pichincha,D,13,0.7677563977531889,1440,2251,0.6397156819191471,SHORTAGE,811,0,0.0,811.0,2251.0,0.0
2017-08-07,2,PET SUPPLIES,38,Quito,Pichincha,D,13,0.7374360882431681,28,46,0.6086956521739131,SHORTAGE,18,0,0.0,0.0,28.0,18.0
2017-08-07,2,PLAYERS AND ELECTRONICS,60,Quito,Pichincha,D,13,1.4020835541485661,84,72,1.1666666666666667,OVERSTOCK,0,12,10.0,0.0,74.0,0.0
2017-08-07,2,POULTRY,3221,Quito,Pichincha,D,13,1.165315447371759,3753,3865,0.9710219922380336,BALANCED,112,0,0.0,0.0,3753.0,112.0
2017-08-07,2,PREPARED FOODS,711,Quito,Pichincha,D,13,1.2782833277774266,909,853,1.0656506447831184,BALANCED,0,0,0.0,0.0,909.0,0.0
2017-08-07,2,PRODUCE,16436,Quito,Pichincha,D,13,1.5179986288992309,24950,19723,1.2650205344014602,OVERSTOCK,0,5227,5227.0,0.0,19723.0,0.0
2017-08-07,2,SCHOOL AND OFFICE SUPPLIES,4,Quito,Pichincha,D,13,1.3616619840007091,5,5,1.0,BALANCED,0,0,0.0,0.0,5.0,0.0
2017-08-07,2,SEAFOOD,239,Quito,Pichincha,D,13,1.264295280789595,302,287,1.0522648083623694,BALANCED,0,0,0.0,0.0,302.0,0.0
2017-08-07,3,AUTOMOTIVE,71,Quito,Pichincha,D,8,1.2710485928944963,90,85,1.0588235294117647,BALANCED,0,0,0.0,0.0,90.0,0.0
2017-08-07,3,BABY CARE,6,Quito,Pichincha,D,8,0.9647401176751347,6,7,0.8571428571428571,SHORTAGE,1,0,0.0,1.0,7.0,0.0
2017-08-07,3,BEAUTY,77,Quito,Pichincha,D,8,0.6369814014815273,49,92,0.532608695652174,SHORTAGE,43,0,0.0,8.0,57.0,35.0
2017-08-07,3,BEVERAGES,55006,Quito,Pichincha,D,8,1.1240608670788348,61830,66007,0.9367188328510613,BALANCED,4177,0,0.0,4177.0,66007.0,0.0
2017-08-07,3,BOOKS,3,Quito,Pichincha,D,8,0.8575016073834351,3,4,0.75,SHORTAGE,1,0,0.0,1.0,4.0,0.0
2017-08-07,3,BREAD/BAKERY,8496,Quito,Pichincha,D,8,1.0902343724695633,9263,10195,0.908582638548308,BALANCED,932,0,0.0,932.0,10195.0,0.0
2017-08-07,3,CELEBRATION,281,Quito,Pichincha,D,8,1.6240836879217995,456,337,1.3531157270029674,OVERSTOCK,0,119,119.0,0.0,337.0,0.0
2017-08-07,3,CLEANING,13972,Quito,Pichincha,D,8,0.8807273830384089,12306,16766,0.7339854467374448,SHORTAGE,4460,0,0.0,3798.0,16104.0,662.0
2017-08-07,3,DAIRY,14432,Quito,Pichincha,D,8,0.6699632900268792,9669,17318,0.5583208222658506,SHORTAGE,7649,0,0.0,7649.0,17318.0,0.0
2017-08-07,3,DELI,2581,Quito,Pichincha,D,8,0.9376606704263959,2420,3097,0.781401356151114,SHORTAGE,677,0,0.0,677.0,3097.0,0.0
2017-08-07,3,EGGS,3235,Quito,Pichincha,D,8,0.9523125093200203,3081,3882,0.7936630602782071,SHORTAGE,801,0,0.0,801.0,3882.0,0.0
2017-08-07,3,FROZEN FOODS,2498,Quito,Pichincha,D,8,1.394299817672274,3483,2998,1.1617745163442295,OVERSTOCK,0,485,226.0,0.0,3257.0,0.0
2017-08-07,3,GROCERY I,54845,Quito,Pichincha,D,8,1.2684385828095341,69568,65814,1.0570395356611055,BALANCED,0,0,0.0,0.0,69568.0,0.0
2017-08-07,3,GROCERY II,615,Quito,Pichincha,D,8,1.5406778509276964,948,738,1.2845528455284554,OVERSTOCK,0,210,210.0,0.0,738.0,0.0
2017-08-07,3,HARDWARE,18,Quito,Pichincha,D,8,1.3971762483928651,25,22,1.1363636363636365,OVERSTOCK,0,3,2.0,0.0,23.0,0.0
2017-08-07,3,HOME AND KITCHEN I,337,Quito,Pichincha,D,8,1.0876642337280846,367,404,0.9084158415841584,BALANCED,37,0,0.0,0.0,367.0,37.0
2017-08-07,3,HOME AND KITCHEN II,370,Quito,Pichincha,D,8,1.5768244615992417,583,444,1.313063063063063,OVERSTOCK,0,139,99.0,0.0,484.0,0.0
2017-08-07,3,HOME APPLIANCES,4,Quito,Pichincha,D,8,0.8003675038892447,3,5,0.6,SHORTAGE,2,0,0.0,0.0,3.0,2.0
2017-08-07,3,HOME CARE,3654,Quito,Pichincha,D,8,0.6272544877606325,2292,4385,0.522690992018244,SHORTAGE,2093,0,0.0,2093.0,4385.0,0.0
2017-08-07,3,LADIESWEAR,267,Quito,Pichincha,D,8,0.7080574329307701,189,320,0.590625,SHORTAGE,131,0,0.0,131.0,320.0,0.0
2017-08-07,3,LAWN AND GARDEN,391,Quito,Pichincha,D,8,1.4668312207157403,574,469,1.2238805970149254,OVERSTOCK,0,105,62.0,0.0,512.0,0.0
2017-08-07,3,LINGERIE,141,Quito,Pichincha,D,8,1.154252676301665,163,169,0.9644970414201184,BALANCED,6,0,0.0,0.0,163.0,6.0
2017-08-07,3,"LIQUOR,WINE,BEER",1509,Quito,Pichincha,D,8,0.7935261348403222,1197,1811,0.6609607951408062,SHORTAGE,614,0,0.0,614.0,1811.0,0.0
2017-08-07,3,MAGAZINES,202,Quito,Pichincha,D,8,1.2012537301240362,243,242,1.0041322314049588,BALANCED,0,0,0.0,0.0,243.0,0.0
2017-08-07,3,MEATS,5523,Quito,Pichincha,D,8,0.7827745232558021,4323,6628,0.6522329511164756,SHORTAGE,2305,0,0.0,2305.0,6628.0,0.0
2017-08-07,3,PERSONAL CARE,3629,Quito,Pichincha,D,8,1.4355844500932833,5210,4355,1.1963260619977039,OVERSTOCK,0,855,855.0,0.0,4355.0,0.0
2017-08-07,3,PET SUPPLIES,144,Quito,Pichincha,D,8,1.1353875306888368,163,173,0.9421965317919075,BALANCED,10,0,0.0,0.0,163.0,10.0
2017-08-07,3,PLAYERS AND ELECTRONICS,157,Quito,Pichincha,D,8,1.057225471315779,166,188,0.8829787234042553,SHORTAGE,22,0,0.0,22.0,188.0,0.0
2017-08-07,3,POULTRY,8098,Quito,Pichincha,D,8,0.9618145069774519,7789,9718,0.801502366742128,SHORTAGE,1929,0,0.0,1929.0,9718.0,0.0
2017-08-07,3,PREPARED FOODS,1741,Quito,Pichincha,D,8,1.3563391117426662,2361,2089,1.1302058401148876,OVERSTOCK,0,272,272.0,0.0,2089.0,0.0
2017-08-07,3,PRODUCE,54460,Quito,Pichincha,D,8,1.0341751326640685,56321,65352,0.8618098910515363,SHORTAGE,9031,0,0.0,9031.0,65352.0,0.0
2017-08-07,3,SCHOOL AND OFFICE SUPPLIES,8,Quito,Pichincha,D,8,0.7051799031793212,6,10,0.6,SHORTAGE,4,0,0.0,0.0,6.0,4.0
2017-08-07,3,SEAFOOD,602,Quito,Pichincha,D,8,0.7416070825446184,446,722,0.6177285318559557,SHORTAGE,276,0,0.0,276.0,722.0,0.0
2017-08-07,4,AUTOMOTIVE,26,Quito,Pichincha,D,9,1.7542771974594176,46,31,1.4838709677419355,OVERSTOCK,0,15,15.0,0.0,31.0,0.0
2017-08-07,4,BABY CARE,9,Quito,Pichincha,D,9,1.6902968288491287,15,11,1.3636363636363635,OVERSTOCK,0,4,3.0,0.0,12.0,0.0
2017-08-07,4,BEAUTY,18,Quito,Pichincha,D,9,1.4396485605728995,26,22,1.1818181818181819,OVERSTOCK,0,4,4.0,0.0,22.0,0.0
2017-08-07,4,BEVERAGES,18196,Quito,Pichincha,D,9,0.9190439537514236,16723,21835,0.765880467139913,SHORTAGE,5112,0,0.0,5112.0,21835.0,0.0
2017-08-07,4,BOOKS,3,Quito,Pichincha,D,9,1.7630116528172688,5,4,1.25,OVERSTOCK,0,1,1.0,0.0,4.0,0.0
2017-08-07,4,BREAD/BAKERY,2810,Quito,Pichincha,D,9,1.5345010847589537,4312,3372,1.2787663107947806,OVERSTOCK,0,940,940.0,0.0,3372.0,0.0
2017-08-07,4,CELEBRATION,31,Quito,Pichincha,D,9,1.4602682269907947,45,37,1.2162162162162162,OVERSTOCK,0,8,8.0,0.0,37.0,0.0
2017-08-07,4,CLEANING,5630,Quito,Pichincha,D,9,1.1392338025725464,6414,6756,0.9493783303730018,BALANCED,342,0,0.0,0.0,6414.0,342.0
2017-08-07,4,DAIRY,5422,Quito,Pichincha,D,9,0.9266898742141908,5025,6506,0.7723639717184138,SHORTAGE,1481,0,0.0,0.0,5025.0,1481.0
2017-08-07,4,DELI,1368,Quito,Pichincha,D,9,0.7156691545841991,979,1642,0.5962241169305724,SHORTAGE,663,0,0.0,663.0,1642.0,0.0
2017-08-07,4,EGGS,1045,Quito,Pichincha,D,9,1.6831228758526102,1759,1254,1.4027113237639552,OVERSTOCK,0,505,505.0,0.0,1254.0,0.0
2017-08-07,4,FROZEN FOODS,645,Quito,Pichincha,D,9,1.1469315478003332,740,774,0.9560723514211886,BALANCED,34,0,0.0,34.0,774.0,0.0
2017-08-07,4,GROCERY I,23530,Quito,Pichincha,D,9,0.8428360377542764,19832,28236,0.7023657741889786,SHORTAGE,8404,0,0.0,8404.0,28236.0,0.0
2017-08-07,4,GROCERY II,157,Quito,Pichincha,D,9,0.967147948980783,152,188,0.8085106382978723,SHORTAGE,36,0,0.0,0.0,152.0,36.0
2017-08-07,4,HARDWARE,8,Quito,Pichincha,D,9,1.2950634827302752,10,10,1.0,BALANCED,0,0,0.0,0.0,10.0,0.0
2017-08-07,4,HOME AND KITCHEN I,75,Quito,Pichincha,D,9,0.812127339527078,61,90,0.6777777777777778,SHORTAGE,29,0,0.0,0.0,61.0,29.0
2017-08-07,4,HOME AND KITCHEN II,56,Quito,Pichincha,D,9,1.6279371409108507,91,67,1.3582089552238805,OVERSTOCK,0,24,0.0,0.0,91.0,0.0
2017-08-07,4,HOME APPLIANCES,4,Quito,Pichincha,D,9,1.5102234358022522,6,5,1.2,OVERSTOCK,0,1,1.0,0.0,5.0,0.0
2017-08-07,4,HOME CARE,1646,Quito,Pichincha,D,9,1.4633555471411241,2409,1975,1.219746835443038,OVERSTOCK,0,434,434.0,0.0,1975.0,0.0
2017-08-07,4,LADIESWEAR,132,Quito,Pichincha,D,9,1.1185116477301245,148,158,0.9367088607594937,BALANCED,10,0,0.0,10.0,158.0,0.0
2017-08-07,4,LAWN AND GARDEN,119,Quito,Pichincha,D,9,1.3527706088429319,161,143,1.1258741258741258,OVERSTOCK,0,18,0.0,0.0,161.0,0.0
2017-08-07,4,LINGERIE,19,Quito,Pichincha,D,9,1.3009175626952827,25,23,1.0869565217391304,BALANCED,0,0,0.0,0.0,25.0,0.0
2017-08-07,4,"LIQUOR,WINE,BEER",622,Quito,Pichincha,D,9,1.3798159218657842,858,746,1.1501340482573728,OVERSTOCK,0,112,112.0,0.0,746.0,0.0
2017-08-07,4,MAGAZINES,32,Quito,Pichincha,D,9,0.7013331853678669,22,38,0.5789473684210527,SHORTAGE,16,0,0.0,0.0,22.0,16.0
2017-08-07,4,MEATS,2916,Quito,Pichincha,D,9,1.0989688826047317,3205,3499,0.9159759931408974,BALANCED,294,0,0.0,0.0,3205.0,294.0
2017-08-07,4,PERSONAL CARE,1803,Quito,Pichincha,D,9,0.649937008634271,1172,2164,0.5415896487985212,SHORTAGE,992,0,0.0,992.0,2164.0,0.0
2017-08-07,4,PET SUPPLIES,32,Quito,Pichincha,D,9,1.1927889830934228,38,38,1.0,BALANCED,0,0,0.0,0.0,38.0,0.0
2017-08-07,4,PLAYERS AND ELECTRONICS,52,Quito,Pichincha,D,9,0.9958334547993424,52,62,0.8387096774193549,SHORTAGE,10,0,0.0,10.0,62.0,0.0
2017-08-07,4,POULTRY,2743,Quito,Pichincha,D,9,0.7734290266392563,2122,3292,0.6445929526123937,SHORTAGE,1170,0,0.0,1170.0,3292.0,0.0
2017-08-07,4,PREPARED FOODS,329,Quito,Pichincha,D,9,0.724083561267062,238,395,0.6025316455696202,SHORTAGE,157,0,0.0,157.0,395.0,0.0
2017-08-07,4,PRODUCE,15737,Quito,Pichincha,D,9,1.3051734866132545,20540,18884,1.0876932853209065,BALANCED,0,0,0.0,0.0,20540.0,0.0
2017-08-07,4,SCHOOL AND OFFICE SUPPLIES,4,Quito,Pichincha,D,9,0.8047115622442633,3,5,0.6,SHORTAGE,2,0,0.0,0.0,3.0,2.0
2017-08-07,4,SEAFOOD,144,Quito,Pichincha,D,9,1.7101441420521568,246,173,1.4219653179190752,OVERSTOCK,0,73,73.0,0.0,173.0,0.0
2017-08-07,5,AUTOMOTIVE,36,Santo Domingo,Santo Domingo de los Tsachilas,D,4,1.297273367640474,47,43,1.0930232558139534,BALANCED,0,0,0.0,0.0,47.0,0.0
2017-08-07,5,BABY CARE,3,Santo Domingo,Santo Domingo de los Tsachilas,D,4,1.0162437654418046,3,4,0.75,SHORTAGE,1,0,0.0,1.0,4.0,0.0
2017-08-07,5,BEAUTY,45,Santo Domingo,Santo Domingo de los Tsachilas,D,4,1.3090985897777,59,54,1.0925925925925926,BALANCED,0,0,0.0,0.0,59.0,0.0
2017-08-07,5,BEVERAGES,13062,Santo Domingo,Santo Domingo de los Tsachilas,D,4,0.627364645235637,8195,15674,0.5228403725915529,SHORTAGE,7479,0,0.0,7479.0,15674.0,0.0
2017-08-07,5,BOOKS,3,Santo Domingo,Santo Domingo de los Tsachilas,D,4,1.7502710558897345,5,4,1.25,OVERSTOCK,0,1,1.0,0.0,4.0,0.0
2017-08-07,5,BREAD/BAKERY,2521,Santo Domingo,Santo Domingo de los Tsachilas,D,4,1.1787641243314804,2972,3025,0.9824793388429752,BALANCED,53,0,0.0,0.0,2972.0,53.0
2017-08-07,5,CELEBRATION,165,Santo Domingo,Santo Domingo de los Tsachilas,D,4,1.5392822727003437,254,198,1.2828282828282829,OVERSTOCK,0,56,56.0,0.0,198.0,0.0
2017-08-07,5,CLEANING,6511,Santo Domingo,Santo Domingo de los Tsachilas,D,4,0.6992759999069262,4553,7813,0.5827467042109306,SHORTAGE,3260,0,0.0,0.0,4553.0,3260.0
2017-08-07,5,DAIRY,4085,Santo Domingo,Santo Domingo de los Tsachilas,D,4,1.1839899970057925,4837,4902,0.9867401060791514,BALANCED,65,0,0.0,0.0,4837.0,65.0
2017-08-07,5,DELI,1619,Santo Domingo,Santo Domingo de los Tsachilas,D,4,1.1888483932254252,1925,1943,0.9907359752959342,BALANCED,18,0,0.0,18.0,1943.0,0.0
2017-08-07,5,EGGS,579,Santo Domingo,Santo Domingo de los Tsachilas,D,4,1.7253917459699795,999,695,1.437410071942446,OVERSTOCK,0,304,304.0,0.0,695.0,0.0
2017-08-07,5,FROZEN FOODS,662,Santo Domingo,Santo Domingo de los Tsachilas,D,4,1.2860736628512905,851,794,1.0717884130982367,BALANCED,0,0,0.0,0.0,851.0,0.0
2017-08-07,5,GROCERY I,20421,Santo Domingo,Santo Domingo de los Tsachilas,D,4,1.1681872812683447,23856,24505,0.9735156090593756,BALANCED,649,0,0.0,649.0,24505.0,0.0
2017-08-07,5,GROCERY II,430,Santo Domingo,Santo Domingo de los Tsachilas,D,4,0.9203707957102724,396,516,0.7674418604651163,SHORTAGE,120,0,0.0,120.0,516.0,0.0
2017-08-07,5,HARDWARE,6,Santo Domingo,Santo Domingo de los Tsachilas,D,4,0.9978827968110626,6,7,0.8571428571428571,SHORTAGE,1,0,0.0,1.0,7.0,0.0
2017-08-07,5,HOME AND KITCHEN I,209,Santo Domingo,Santo Domingo de los Tsachilas,D,4,1.2248068829658454,256,251,1.0199203187250996,BALANCED,0,0,0.0,0.0,256.0,0.0
2017-08-07,5,HOME AND KITCHEN II,101,Santo Domingo,Santo Domingo de los Tsachilas,D,4,1.126693752366056,114,121,0.9421487603305785,BALANCED,7,0,0.0,7.0,121.0,0.0
2017-08-07,5,HOME APPLIANCES,4,Santo Domingo,Santo Domingo de los Tsachilas,D,4,0.6259344958563965,3,5,0.6,SHORTAGE,2,0,0.0,0.0,3.0,2.0
2017-08-07,5,HOME CARE,1624,Santo Domingo,Santo Domingo de los Tsachilas,D,4,1.5915503090332295,2585,1949,1.3263211903540277,OVERSTOCK,0,636,636.0,0.0,1949.0,0.0
2017-08-07,5,LADIESWEAR,88,Santo Domingo,Santo Domingo de los Tsachilas,D,4,1.6753929262077203,147,106,1.3867924528301887,OVERSTOCK,0,41,18.0,0.0,129.0,0.0
2017-08-07,5,LAWN AND GARDEN,47,Santo Domingo,Santo Domingo de los Tsachilas,D,4,0.7682989067983329,36,56,0.6428571428571429,SHORTAGE,20,0,0.0,20.0,56.0,0.0
2017-08-07,5,LINGERIE,69,Santo Domingo,Santo Domingo de los Tsachilas,D,4,1.2648433722468593,87,83,1.0481927710843373,BALANCED,0,0,0.0,0.0,87.0,0.0
2017-08-07,5,"LIQUOR,WINE,BEER",376,Santo Domingo,Santo Domingo de los Tsachilas,D,4,0.7302908893625323,275,451,0.6097560975609756,SHORTAGE,176,0,0.0,176.0,451.0,0.0
2017-08-07,5,MAGAZINES,32,Santo Domingo,Santo Domingo de los Tsachilas,D,4,1.406688111647774,45,38,1.1842105263157894,OVERSTOCK,0,7,7.0,0.0,38.0,0.0
2017-08-07,5,MEATS,1718,Santo Domingo,Santo Domingo de los Tsachilas,D,4,0.93748054060681,1611,2062,0.7812803103782735,SHORTAGE,451,0,0.0,0.0,1611.0,451.0
2017-08-07,5,PERSONAL CARE,1727,Santo Domingo,Santo Domingo de los Tsachilas,D,4,1.3913071616302821,2403,2072,1.1597490347490347,OVERSTOCK,0,331,135.0,0.0,2268.0,0.0
2017-08-07,5,PET SUPPLIES,13,Santo Domingo,Santo Domingo de los Tsachilas,D,4,1.4723935371442591,19,16,1.1875,OVERSTOCK,0,3,3.0,0.0,16.0,0.0
2017-08-07,5,PLAYERS AND ELECTRONICS,44,Santo Domingo,Santo Domingo de los Tsachilas,D,4,1.5223769903011886,67,53,1.2641509433962264,OVERSTOCK,0,14,10.0,0.0,57.0,0.0
2017-08-07,5,POULTRY,1622,Santo Domingo,Santo Domingo de los Tsachilas,D,4,0.7292891351470758,1183,1946,0.6079136690647482,SHORTAGE,763,0,0.0,763.0,1946.0,0.0
2017-08-07,5,PREPARED FOODS,369,Santo Domingo,Santo Domingo de los Tsachilas,D,4,1.6992142141651296,627,443,1.4153498871331829,OVERSTOCK,0,184,184.0,0.0,443.0,0.0
2017-08-07,5,PRODUCE,11284,Santo Domingo,Santo Domingo de los Tsachilas,D,4,0.876256789073857,9888,13541,0.7302267188538513,SHORTAGE,3653,0,0.0,3653.0,13541.0,0.0
2017-08-07,5,SCHOOL AND OFFICE SUPPLIES,6,Santo Domingo,Santo Domingo de los Tsachilas,D,4,0.6448950674114157,4,7,0.5714285714285714,SHORTAGE,3,0,0.0,0.0,4.0,3.0
2017-08-07,5,SEAFOOD,38,Santo Domingo,Santo Domingo de los Tsachilas,D,4,1.2658229632697802,48,46,1.0434782608695652,BALANCED,0,0,0.0,0.0,48.0,0.0
2017-08-07,6,AUTOMOTIVE,50,Quito,Pichincha,D,13,1.0451067406349266,52,60,0.8666666666666667,SHORTAGE,8,0,0.0,0.0,52.0,8.0
2017-08-07,6,BABY CARE,3,Quito,Pichincha,D,13,1.595747691758896,5,4,1.25,OVERSTOCK,0,1,0.0,0.0,5.0,0.0
2017-08-07,6,BEAUTY,30,Quito,Pichincha,D,13,1.5699017664771624,47,36,1.3055555555555556,OVERSTOCK,0,11,11.0,0.0,36.0,0.0
2017-08-07,6,BEVERAGES,23551,Quito,Pichincha,D,13,0.9805666713872585,23093,28261,0.817133151693146,SHORTAGE,5168,0,0.0,5168.0,28261.0,0.0
2017-08-07,6,BOOKS,3,Quito,Pichincha,D,13,1.7434792740836942,5,4,1.25,OVERSTOCK,0,1,1.0,0.0,4.0,0.0
2017-08-07,6,BREAD/BAKERY,3795,Quito,Pichincha,D,13,0.9491014057681424,3602,4554,0.7909530083443127,SHORTAGE,952,0,0.0,952.0,4554.0,0.0
2017-08-07,6,CELEBRATION,71,Quito,Pichincha,D,13,1.2180685550780574,86,85,1.011764705882353,BALANCED,0,0,0.0,0.0,86.0,0.0
2017-08-07,6,CLEANING,8703,Quito,Pichincha,D,13,0.9071581086811233,7895,10444,0.7559364228265033,SHORTAGE,2549,0,0.0,0.0,7895.0,2549.0
2017-08-07,6,DAIRY,7008,Quito,Pichincha,D,13,1.723252284058756,12077,8410,1.4360285374554103,OVERSTOCK,0,3667,3667.0,0.0,8410.0,0.0
2017-08-07,6,DELI,2435,Quito,Pichincha,D,13,0.7975293810984218,1942,2922,0.6646132785763176,SHORTAGE,980,0,0.0,980.0,2922.0,0.0
2017-08-07,6,EGGS,1300,Quito,Pichincha,D,13,0.6538927432707947,850,1560,0.5448717948717948,SHORTAGE,710,0,0.0,75.0,925.0,635.0
2017-08-07,6,FROZEN FOODS,1118,Quito,Pichincha,D,13,1.1221164720036456,1255,1342,0.9351713859910581,BALANCED,87,0,0.0,87.0,1342.0,0.0
2017-08-07,6,GROCERY I,30968,Quito,Pichincha,D,13,1.7908506768670045,55459,37162,1.4923577848339702,OVERSTOCK,0,18297,14519.0,0.0,40940.0,0.0
2017-08-07,6,GROCERY II,237,Quito,Pichincha,D,13,1.670012719505897,396,284,1.3943661971830985,OVERSTOCK,0,112,112.0,0.0,284.0,0.0
2017-08-07,6,HARDWARE,6,Quito,Pichincha,D,13,1.4983296233483392,9,7,1.2857142857142858,OVERSTOCK,0,2,0.0,0.0,9.0,0.0
2017-08-07,6,HOME AND KITCHEN I,189,Quito,Pichincha,D,13,1.66895098905423,315,227,1.3876651982378854,OVERSTOCK,0,88,88.0,0.0,227.0,0.0
2017-08-07,6,HOME AND KITCHEN II,370,Quito,Pichincha,D,13,1.6721359676374359,619,444,1.3941441441441442,OVERSTOCK,0,175,139.0,0.0,480.0,0.0
2017-08-07,6,HOME APPLIANCES,4,Quito,Pichincha,D,13,1.222630032463739,5,5,1.0,BALANCED,0,0,0.0,0.0,5.0,0.0
2017-08-07,6,HOME CARE,2433,Quito,Pichincha,D,13,0.9791148621969517,2382,2920,0.8157534246575342,SHORTAGE,538,0,0.0,538.0,2920.0,0.0
2017-08-07,6,LADIESWEAR,180,Quito,Pichincha,D,13,1.5264149185331857,275,216,1.2731481481481481,OVERSTOCK,0,59,32.0,0.0,243.0,0.0
2017-08-07,6,LAWN AND GARDEN,86,Quito,Pichincha,D,13,1.3939935158013135,120,103,1.1650485436893203,OVERSTOCK,0,17,0.0,0.0,120.0,0.0
2017-08-07,6,LINGERIE,59,Quito,Pichincha,D,13,1.0483892746484522,62,71,0.8732394366197183,SHORTAGE,9,0,0.0,0.0,62.0,9.0
2017-08-07,6,"LIQUOR,WINE,BEER",634,Quito,Pichincha,D,13,0.7133600016738183,452,761,0.5939553219448095,SHORTAGE,309,0,0.0,309.0,761.0,0.0
2017-08-07,6,MAGAZINES,44,Quito,Pichincha,D,13,1.4961475336188312,66,53,1.2452830188679245,OVERSTOCK,0,13,13.0,0.0,53.0,0.0
2017-08-07,6,MEATS,3199,Quito,Pichincha,D,13,0.9149526191074376,2927,3839,0.7624381349309716,SHORTAGE,912,0,0.0,912.0,3839.0,0.0
2017-08-07,6,PERSONAL CARE,2370,Quito,Pichincha,D,13,1.7241757806405351,4086,2844,1.4367088607594938,OVERSTOCK,0,1242,1242.0,0.0,2844.0,0.0
2017-08-07,6,PET SUPPLIES,60,Quito,Pichincha,D,13,0.8891646900068217,53,72,0.7361111111111112,SHORTAGE,19,0,0.0,0.0,53.0,19.0
2017-08-07,6,PLAYERS AND ELECTRONICS,76,Quito,Pichincha,D,13,0.7473095188937833,57,91,0.6263736263736264,SHORTAGE,34,0,0.0,34.0,91.0,0.0
2017-08-07,6,POULTRY,3907,Quito,Pichincha,D,13,1.5973352065498876,6241,4688,1.3312713310580204,OVERSTOCK,0,1553,1553.0,0.0,4688.0,0.0
2017-08-07,6,PREPARED FOODS,656,Quito,Pichincha,D,13,0.7839411799493928,514,787,0.6531130876747141,SHORTAGE,273,0,0.0,273.0,787.0,0.0
2017-08-07,6,PRODUCE,18206,Quito,Pichincha,D,13,0.8151219697892869,14840,21847,0.6792694649150913,SHORTAGE,7007,0,0.0,7007.0,21847.0,0.0
2017-08-07,6,SCHOOL AND OFFICE SUPPLIES,4,Quito,Pichincha,D,13,1.3192593498250123,5,5,1.0,BALANCED,0,0,0.0,0.0,5.0,0.0
2017-08-07,6,SEAFOOD,254,Quito,Pichincha,D,13,1.6494744490049575,419,305,1.3737704918032787,OVERSTOCK,0,114,114.0,0.0,305.0,0.0
2017-08-07,7,AUTOMOTIVE,26,Quito,Pichincha,D,8,0.8357215988574879,22,31,0.7096774193548387,SHORTAGE,9,0,0.0,3.0,25.0,6.0
2017-08-07,7,BABY CARE,3,Quito,Pichincha,D,8,0.9723884074801138,3,4,0.75,SHORTAGE,1,0,0.0,1.0,4.0,0.0
2017-08-07,7,BEAUTY,18,Quito,Pichincha,D,8,1.5328858058894133,28,22,1.2727272727272727,OVERSTOCK,0,6,6.0,0.0,22.0,0.0
2017-08-07,7,BEVERAGES,25603,Quito,Pichincha,D,8,1.7661917112731609,45220,30724,1.4718135659419347,OVERSTOCK,0,14496,14496.0,0.0,30724.0,0.0
2017-08-07,7,BOOKS,3,Quito,Pichincha,D,8,1.200889423442811,4,4,1.0,BALANCED,0,0,0.0,0.0,4.0,0.0
2017-08-07,7,BREAD/BAKERY,4473,Quito,Pichincha,D,8,0.7726770030615009,3456,5368,0.6438152011922503,SHORTAGE,1912,0,0.0,1912.0,5368.0,0.0
2017-08-07,7,CELEBRATION,98,Quito,Pichincha,D,8,0.6167235452498419,60,118,0.5084745762711864,SHORTAGE,58,0,0.0,58.0,118.0,0.0
2017-08-07,7,CLEANING,7506,Quito,Pichincha,D,8,0.8755872359986263,6572,9007,0.7296547130009993,SHORTAGE,2435,0,0.0,0.0,6572.0,2435.0
2017-08-07,7,DAIRY,8940,Quito,Pichincha,D,8,0.7581866613438253,6778,10728,0.6318046234153617,SHORTAGE,3950,0,0.0,3950.0,10728.0,0.0
2017-08-07,7,DELI,1321,Quito,Pichincha,D,8,1.413190408335429,1867,1585,1.1779179810725553,OVERSTOCK,0,282,282.0,0.0,1585.0,0.0
2017-08-07,7,EGGS,1875,Quito,Pichincha,D,8,0.7461990055542373,1399,2250,0.6217777777777778,SHORTAGE,851,0,0.0,851.0,2250.0,0.0
2017-08-07,7,FROZEN FOODS,1577,Quito,Pichincha,D,8,1.2075959179447597,1904,1892,1.0063424947145878,BALANCED,0,0,0.0,0.0,1904.0,0.0
2017-08-07,7,GROCERY I,25506,Quito,Pichincha,D,8,1.433114922771464,36553,30607,1.1942692848041299,OVERSTOCK,0,5946,1776.0,0.0,34777.0,0.0
2017-08-07,7,GROCERY II,237,Quito,Pichincha,D,8,1.2973399310650828,307,284,1.0809859154929577,BALANCED,0,0,0.0,0.0,307.0,0.0
2017-08-07,7,HARDWARE,22,Quito,Pichincha,D,8,0.8397307819920692,18,26,0.6923076923076923,SHORTAGE,8,0,0.0,8.0,26.0,0.0
2017-08-07,7,HOME AND KITCHEN I,182,Quito,Pichincha,D,8,1.5649494314187153,285,218,1.3073394495412844,OVERSTOCK,0,67,67.0,0.0,218.0,0.0
2017-08-07,7,HOME AND KITCHEN II,146,Quito,Pichincha,D,8,1.4584885555389622,213,175,1.217142857142857,OVERSTOCK,0,38,0.0,0.0,213.0,0.0
2017-08-07,7,HOME APPLIANCES,6,Quito,Pichincha,D,8,1.4867808046986501,9,7,1.2857142857142858,OVERSTOCK,0,2,2.0,0.0,7.0,0.0
2017-08-07,7,HOME CARE,1694,Quito,Pichincha,D,8,0.757269301868776,1283,2033,0.6310870634530251,SHORTAGE,750,0,0.0,750.0,2033.0,0.0
2017-08-07,7,LADIESWEAR,72,Quito,Pichincha,D,8,0.7485045643804136,54,86,0.627906976744186,SHORTAGE,32,0,0.0,32.0,86.0,0.0
2017-08-07,7,LAWN AND GARDEN,240,Quito,Pichincha,D,8,1.7130750612078094,411,288,1.4270833333333333,OVERSTOCK,0,123,123.0,0.0,288.0,0.0
2017-08-07,7,LINGERIE,56,Quito,Pichincha,D,8,1.0770938325899289,60,67,0.8955223880597015,SHORTAGE,7,0,0.0,0.0,60.0,7.0
2017-08-07,7,"LIQUOR,WINE,BEER",1175,Quito,Pichincha,D,8,0.9611384301371277,1129,1410,0.800709219858156,SHORTAGE,281,0,0.0,281.0,1410.0,0.0
2017-08-07,7,MAGAZINES,27,Quito,Pichincha,D,8,1.18630085442184,32,32,1.0,BALANCED,0,0,0.0,0.0,32.0,0.0
2017-08-07,7,MEATS,3198,Quito,Pichincha,D,8,1.395437055316299,4463,3838,1.1628452318916103,OVERSTOCK,0,625,625.0,0.0,3838.0,0.0
2017-08-07,7,PERSONAL CARE,1753,Quito,Pichincha,D,8,1.746747908456364,3062,2104,1.4553231939163498,OVERSTOCK,0,958,958.0,0.0,2104.0,0.0
2017-08-07,7,PET SUPPLIES,60,Quito,Pichincha,D,8,0.943735472258466,57,72,0.7916666666666666,SHORTAGE,15,0,0.0,0.0,57.0,15.0
2017-08-07,7,PLAYERS AND ELECTRONICS,88,Quito,Pichincha,D,8,1.7097701151744327,150,106,1.4150943396226414,OVERSTOCK,0,44,44.0,0.0,106.0,0.0
2017-08-07,7,POULTRY,4383,Quito,Pichincha,D,8,0.6298313896635076,2761,5260,0.5249049429657795,SHORTAGE,2499,0,0.0,2499.0,5260.0,0.0
2017-08-07,7,PREPARED FOODS,860,Quito,Pichincha,D,8,1.2662376507921898,1089,1032,1.055232558139535,BALANCED,0,0,0.0,0.0,1089.0,0.0
2017-08-07,7,PRODUCE,32942,Quito,Pichincha,D,8,1.3607701340173022,44826,39530,1.1339741968125474,OVERSTOCK,0,5296,5296.0,0.0,39530.0,0.0
2017-08-07,7,SCHOOL AND OFFICE SUPPLIES,4,Quito,Pichincha,D,8,0.7270768845009039,3,5,0.6,SHORTAGE,2,0,0.0,0.0,3.0,2.0
2017-08-07,7,SEAFOOD,254,Quito,Pichincha,D,8,0.7684075164766951,195,305,0.639344262295082,SHORTAGE,110,0,0.0,14.0,209.0,96.0
2017-08-07,8,AUTOMOTIVE,21,Quito,Pichincha,D,8,1.1029371831795647,23,25,0.92,BALANCED,2,0,0.0,0.0,23.0,2.0
2017-08-07,8,BABY CARE,5,Quito,Pichincha,D,8,1.7594782945718181,9,6,1.5,OVERSTOCK,0,3,2.0,0.0,7.0,0.0
2017-08-07,8,BEAUTY,63,Quito,Pichincha,D,8,1.3152510638812476,83,76,1.0921052631578947,BALANCED,0,0,0.0,0.0,83.0,0.0
2017-08-07,8,BEVERAGES,31148,Quito,Pichincha,D,8,1.7196278659202535,53563,37378,1.4330087217079566,OVERSTOCK,0,16185,16185.0,0.0,37378.0,0.0
2017-08-07,8,BOOKS,3,Quito,Pichincha,D,8,1.565233098735565,5,4,1.25,OVERSTOCK,0,1,1.0,0.0,4.0,0.0
2017-08-07,8,BREAD/BAKERY,5963,Quito,Pichincha,D,8,1.16085792186635,6922,7156,0.9673001676914478,BALANCED,234,0,0.0,112.0,7034.0,122.0
2017-08-07,8,CELEBRATION,144,Quito,Pichincha,D,8,1.541716139102625,222,173,1.283236994219653,OVERSTOCK,0,49,49.0,0.0,173.0,0.0
2017-08-07,8,CLEANING,8812,Quito,Pichincha,D,8,0.6214041407723853,5476,10574,0.5178740306411954,SHORTAGE,5098,0,0.0,5098.0,10574.0,0.0
2017-08-07,8,DAIRY,10000,Quito,Pichincha,D,8,0.7309727961188819,7310,12000,0.6091666666666666,SHORTAGE,4690,0,0.0,4690.0,12000.0,0.0
2017-08-07,8,DELI,1988,Quito,Pichincha,D,8,1.5953143378592838,3171,2386,1.329002514668902,OVERSTOCK,0,785,785.0,0.0,2386.0,0.0
2017-08-07,8,EGGS,2261,Quito,Pichincha,D,8,1.5561805059901943,3519,2713,1.2970880943604866,OVERSTOCK,0,806,806.0,0.0,2713.0,0.0
2017-08-07,8,FROZEN FOODS,1142,Quito,Pichincha,D,8,0.8791688903597205,1004,1370,0.7328467153284671,SHORTAGE,366,0,0.0,366.0,1370.0,0.0
2017-08-07,8,GROCERY I,32531,Quito,Pichincha,D,8,1.2369235087188644,40238,39037,1.0307656838384096,BALANCED,0,0,0.0,0.0,40238.0,0.0
2017-08-07,8,GROCERY II,267,Quito,Pichincha,D,8,1.327218984840013,354,320,1.10625,OVERSTOCK,0,34,34.0,0.0,320.0,0.0
2017-08-07,8,HARDWARE,22,Quito,Pichincha,D,8,1.6412867445312136,36,26,1.3846153846153846,OVERSTOCK,0,10,10.0,0.0,26.0,0.0
2017-08-07,8,HOME AND KITCHEN I,203,Quito,Pichincha,D,8,1.323728588806471,269,244,1.1024590163934427,OVERSTOCK,0,25,25.0,0.0,244.0,0.0
2017-08-07,8,HOME AND KITCHEN II,329,Quito,Pichincha,D,8,1.0950858831284165,360,395,0.9113924050632911,BALANCED,35,0,0.0,35.0,395.0,0.0
2017-08-07,8,HOME APPLIANCES,4,Quito,Pichincha,D,8,1.0490208520886193,4,5,0.8,SHORTAGE,1,0,0.0,0.0,4.0,1.0
2017-08-07,8,HOME CARE,2546,Quito,Pichincha,D,8,1.111058503648212,2829,3055,0.9260229132569558,BALANCED,226,0,0.0,226.0,3055.0,0.0
2017-08-07,8,LADIESWEAR,223,Quito,Pichincha,D,8,1.382317230695969,308,268,1.1492537313432836,OVERSTOCK,0,40,12.0,0.0,296.0,0.0
2017-08-07,8,LAWN AND GARDEN,189,Quito,Pichincha,D,8,1.64098875810279,310,227,1.3656387665198237,OVERSTOCK,0,83,26.0,0.0,284.0,0.0
2017-08-07,8,LINGERIE,144,Quito,Pichincha,D,8,1.1446762584915597,165,173,0.953757225433526,BALANCED,8,0,0.0,0.0,165.0,8.0
2017-08-07,8,"LIQUOR,WINE,BEER",1001,Quito,Pichincha,D,8,0.8974074755416298,898,1201,0.7477102414654455,SHORTAGE,303,0,0.0,303.0,1201.0,0.0
2017-08-07,8,MAGAZINES,114,Quito,Pichincha,D,8,0.8839948355970974,101,137,0.7372262773722628,SHORTAGE,36,0,0.0,36.0,137.0,0.0
2017-08-07,8,MEATS,3151,Quito,Pichincha,D,8,1.4952171362921358,4711,3781,1.2459666754826766,OVERSTOCK,0,930,930.0,0.0,3781.0,0.0
2017-08-07,8,PERSONAL CARE,2349,Quito,Pichincha,D,8,1.5798825161086927,3711,2819,1.3164242639233772,OVERSTOCK,0,892,892.0,0.0,2819.0,0.0
2017-08-07,8,PET SUPPLIES,114,Quito,Pichincha,D,8,0.72633369582495,83,137,0.6058394160583942,SHORTAGE,54,0,0.0,54.0,137.0,0.0
2017-08-07,8,PLAYERS AND ELECTRONICS,132,Quito,Pichincha,D,8,0.6798706283462138,90,158,0.569620253164557,SHORTAGE,68,0,0.0,68.0,158.0,0.0
2017-08-07,8,POULTRY,4234,Quito,Pichincha,D,8,1.3133203965077422,5561,5081,1.094469592599882,BALANCED,0,0,0.0,0.0,5561.0,0.0
2017-08-07,8,PREPARED FOODS,1101,Quito,Pichincha,D,8,0.7754078930312379,854,1321,0.6464799394398183,SHORTAGE,467,0,0.0,467.0,1321.0,0.0
2017-08-07,8,PRODUCE,31337,Quito,Pichincha,D,8,1.5895970285476098,49813,37604,1.3246729071375385,OVERSTOCK,0,12209,12209.0,0.0,37604.0,0.0
2017-08-07,8,SCHOOL AND OFFICE SUPPLIES,13,Quito,Pichincha,D,8,0.9724016087088894,13,16,0.8125,SHORTAGE,3,0,0.0,0.0,13.0,3.0
2017-08-07,8,SEAFOOD,254,Quito,Pichincha,D,8,0.7726463195653712,196,305,0.6426229508196721,SHORTAGE,109,0,0.0,0.0,196.0,109.0
2017-08-07,9,AUTOMOTIVE,76,Quito,Pichincha,B,6,1.7051645669849405,130,91,1.4285714285714286,OVERSTOCK,0,39,39.0,0.0,91.0,0.0
2017-08-07,9,BABY CARE,3,Quito,Pichincha,B,6,0.7986380672823338,2,4,0.5,SHORTAGE,2,0,0.0,2.0,4.0,0.0
2017-08-07,9,BEAUTY,30,Quito,Pichincha,B,6,0.9416640988055227,28,36,0.7777777777777778,SHORTAGE,8,0,0.0,0.0,28.0,8.0
2017-08-07,9,BEVERAGES,24135,Quito,Pichincha,B,6,0.7843360742304704,18930,28962,0.6536150818313652,SHORTAGE,10032,0,0.0,10032.0,28962.0,0.0
2017-08-07,9,BOOKS,3,Quito,Pichincha,B,6,0.7385880763984259,2,4,0.5,SHORTAGE,2,0,0.0,2.0,4.0,0.0
2017-08-07,9,BREAD/BAKERY,3879,Quito,Pichincha,B,6,0.6253776196037281,2426,4655,0.5211600429645542,SHORTAGE,2229,0,0.0,2229.0,4655.0,0.0
2017-08-07,9,CELEBRATION,98,Quito,Pichincha,B,6,0.6664744909971121,65,118,0.5508474576271186,SHORTAGE,53,0,0.0,53.0,118.0,0.0
2017-08-07,9,CLEANING,13385,Quito,Pichincha,B,6,0.8095697651230233,10836,16062,0.674635786327979,SHORTAGE,5226,0,0.0,5226.0,16062.0,0.0
2017-08-07,9,DAIRY,5889,Quito,Pichincha,B,6,0.6640583191526105,3911,7067,0.5534172916371869,SHORTAGE,3156,0,0.0,3156.0,7067.0,0.0
2017-08-07,9,DELI,4125,Quito,Pichincha,B,6,1.3093725793331656,5401,4950,1.0911111111111111,BALANCED,0,0,0.0,0.0,5401.0,0.0
2017-08-07,9,EGGS,1617,Quito,Pichincha,B,6,1.4168574321594078,2291,1940,1.1809278350515464,OVERSTOCK,0,351,351.0,0.0,1940.0,0.0
2017-08-07,9,FROZEN FOODS,809,Quito,Pichincha,B,6,1.0723565481984338,868,971,0.893923789907312,SHORTAGE,103,0,0.0,103.0,971.0,0.0
2017-08-07,9,GROCERY I,44262,Quito,Pichincha,B,6,0.9815893163424594,43447,53114,0.8179952554881952,SHORTAGE,9667,0,0.0,9667.0,53114.0,0.0
2017-08-07,9,GROCERY II,56,Quito,Pichincha,B,6,1.2054314844266762,68,67,1.0149253731343284,BALANCED,0,0,0.0,0.0,68.0,0.0
2017-08-07,9,HARDWARE,9,Quito,Pichincha,B,6,1.6500059306815305,15,11,1.3636363636363635,OVERSTOCK,0,4,4.0,0.0,11.0,0.0
2017-08-07,9,HOME AND KITCHEN I,300,Quito,Pichincha,B,6,1.6213579521866472,486,360,1.35,OVERSTOCK,0,126,126.0,0.0,360.0,0.0
2017-08-07,9,HOME AND KITCHEN II,254,Quito,Pichincha,B,6,0.6521700744153504,166,305,0.5442622950819672,SHORTAGE,139,0,0.0,139.0,305.0,0.0
2017-08-07,9,HOME APPLIANCES,4,Quito,Pichincha,B,6,0.8177980915158289,3,5,0.6,SHORTAGE,2,0,0.0,0.0,3.0,2.0
2017-08-07,9,HOME CARE,3106,Quito,Pichincha,B,6,0.8840938453252752,2746,3727,0.7367856184598873,SHORTAGE,981,0,0.0,981.0,3727.0,0.0
2017-08-07,9,LADIESWEAR,76,Quito,Pichincha,B,6,0.8992650909986543,68,91,0.7472527472527473,SHORTAGE,23,0,0.0,23.0,91.0,0.0
2017-08-07,9,LAWN AND GARDEN,15,Quito,Pichincha,B,6,1.2854791820913274,19,18,1.0555555555555556,BALANCED,0,0,0.0,0.0,19.0,0.0
2017-08-07,9,LINGERIE,52,Quito,Pichincha,B,6,1.0995149108438307,57,62,0.9193548387096774,BALANCED,5,0,0.0,0.0,57.0,5.0
2017-08-07,9,"LIQUOR,WINE,BEER",361,Quito,Pichincha,B,6,0.6591049439131128,238,433,0.5496535796766744,SHORTAGE,195,0,0.0,195.0,433.0,0.0
2017-08-07,9,MAGAZINES,9,Quito,Pichincha,B,6,1.0483369661514859,9,11,0.8181818181818182,SHORTAGE,2,0,0.0,0.0,9.0,2.0
2017-08-07,9,MEATS,2717,Quito,Pichincha,B,6,1.2285035384611647,3338,3260,1.0239263803680982,BALANCED,0,0,0.0,0.0,3338.0,0.0
2017-08-07,9,PERSONAL CARE,3367,Quito,Pichincha,B,6,0.7220062834844592,2431,4040,0.6017326732673267,SHORTAGE,1609,0,0.0,1609.0,4040.0,0.0
2017-08-07,9,PET SUPPLIES,52,Quito,Pichincha,B,6,1.6001502645462717,83,62,1.3387096774193548,OVERSTOCK,0,21,21.0,0.0,62.0,0.0
2017-08-07,9,PLAYERS AND ELECTRONICS,52,Quito,Pichincha,B,6,0.6623542397581251,34,62,0.5483870967741935,SHORTAGE,28,0,0.0,28.0,62.0,0.0
2017-08-07,9,POULTRY,3054,Quito,Pichincha,B,6,1.7098102428216746,5222,3665,1.4248294679399727,OVERSTOCK,0,1557,1557.0,0.0,3665.0,0.0
2017-08-07,9,PREPARED FOODS,646,Quito,Pichincha,B,6,0.7189357698958506,464,775,0.5987096774193549,SHORTAGE,311,0,0.0,311.0,775.0,0.0
2017-08-07,9,PRODUCE,11130,Quito,Pichincha,B,6,1.6122899419173033,17945,13356,1.3435908954776878,OVERSTOCK,0,4589,4589.0,0.0,13356.0,0.0
2017-08-07,9,SCHOOL AND OFFICE SUPPLIES,808,Quito,Pichincha,B,6,1.6831837727131407,1360,970,1.402061855670103,OVERSTOCK,0,390,390.0,0.0,970.0,0.0
2017-08-07,9,SEAFOOD,101,Quito,Pichincha,B,6,1.7754848167039115,179,121,1.4793388429752066,OVERSTOCK,0,58,58.0,0.0,121.0,0.0
2017-08-07,10,AUTOMOTIVE,7,Quito,Pichincha,C,15,1.5624310563283124,11,8,1.375,OVERSTOCK,0,3,3.0,0.0,8.0,0.0
2017-08-07,10,BABY CARE,3,Quito,Pichincha,C,15,1.5353730489255948,5,4,1.25,OVERSTOCK,0,1,0.0,0.0,5.0,0.0
2017-08-07,10,BEAUTY,0,Quito,Pichincha,C,15,1.3709799311946573,0,0,0.0,SHORTAGE,0,0,0.0,0.0,0.0,0.0
2017-08-07,10,BEVERAGES,9824,Quito,Pichincha,C,15,1.534795625493755,15078,11789,1.2789888879463907,OVERSTOCK,0,3289,3289.0,0.0,11789.0,0.0
2017-08-07,10,BOOKS,3,Quito,Pichincha,C,15,0.7614626500957765,2,4,0.5,SHORTAGE,2,0,0.0,2.0,4.0,0.0
2017-08-07,10,BREAD/BAKERY,779,Quito,Pichincha,C,15,1.243281643137165,969,935,1.0363636363636364,BALANCED,0,0,0.0,0.0,969.0,0.0
2017-08-07,10,CELEBRATION,21,Quito,Pichincha,C,15,1.2170674442284974,26,25,1.04,BALANCED,0,0,0.0,0.0,26.0,0.0
2017-08-07,10,CLEANING,5894,Quito,Pichincha,C,15,1.6290865729470692,9602,7073,1.35755690654602,OVERSTOCK,0,2529,2529.0,0.0,7073.0,0.0
2017-08-07,10,DAIRY,2154,Quito,Pichincha,C,15,1.1553592387122191,2489,2585,0.962862669245648,BALANCED,96,0,0.0,0.0,2489.0,96.0
2017-08-07,10,DELI,1932,Quito,Pichincha,C,15,1.0621073953204243,2052,2318,0.8852459016393442,SHORTAGE,266,0,0.0,266.0,2318.0,0.0
2017-08-07,10,EGGS,312,Quito,Pichincha,C,15,1.3674759254845321,427,374,1.141711229946524,OVERSTOCK,0,53,53.0,0.0,374.0,0.0
2017-08-07,10,FROZEN FOODS,251,Quito,Pichincha,C,15,0.9197559810010153,231,301,0.7674418604651163,SHORTAGE,70,0,0.0,70.0,301.0,0.0
2017-08-07,10,GROCERY I,17738,Quito,Pichincha,C,15,0.7677220931447483,13618,21286,0.6397632246547026,SHORTAGE,7668,0,0.0,7668.0,21286.0,0.0
2017-08-07,10,GROCERY II,19,Quito,Pichincha,C,15,1.173452728828495,22,23,0.9565217391304348,BALANCED,1,0,0.0,0.0,22.0,1.0
2017-08-07,10,HARDWARE,6,Quito,Pichincha,C,15,1.100267242313862,7,7,1.0,BALANCED,0,0,0.0,0.0,7.0,0.0
2017-08-07,10,HOME AND KITCHEN I,47,Quito,Pichincha,C,15,0.8790839286346485,41,56,0.7321428571428571,SHORTAGE,15,0,0.0,0.0,41.0,15.0
2017-08-07,10,HOME AND KITCHEN II,38,Quito,Pichincha,C,15,1.0410141721381536,40,46,0.8695652173913043,SHORTAGE,6,0,0.0,6.0,46.0,0.0
2017-08-07,10,HOME APPLIANCES,4,Quito,Pichincha,C,15,1.039670939791497,4,5,0.8,SHORTAGE,1,0,0.0,0.0,4.0,1.0
2017-08-07,10,HOME CARE,1351,Quito,Pichincha,C,15,0.9929946772950546,1342,1621,0.8278840222085133,SHORTAGE,279,0,0.0,279.0,1621.0,0.0
2017-08-07,10,LADIESWEAR,13,Quito,Pichincha,C,15,1.0553568956723147,14,16,0.875,SHORTAGE,2,0,0.0,2.0,16.0,0.0
2017-08-07,10,LAWN AND GARDEN,4,Quito,Pichincha,C,15,1.4228920145471347,6,5,1.2,OVERSTOCK,0,1,0.0,0.0,6.0,0.0
2017-08-07,10,LINGERIE,13,Quito,Pichincha,C,15,0.9562517694855424,12,16,0.75,SHORTAGE,4,0,0.0,0.0,12.0,4.0
2017-08-07,10,"LIQUOR,WINE,BEER",63,Quito,Pichincha,C,15,1.7386295120584085,110,76,1.4473684210526316,OVERSTOCK,0,34,34.0,0.0,76.0,0.0
2017-08-07,10,MAGAZINES,4,Quito,Pichincha,C,15,1.6996176234458136,7,5,1.4,OVERSTOCK,0,2,2.0,0.0,5.0,0.0
2017-08-07,10,MEATS,1357,Quito,Pichincha,C,15,1.1770925139600943,1597,1628,0.980958230958231,BALANCED,31,0,0.0,0.0,1597.0,31.0
2017-08-07,10,PERSONAL CARE,1482,Quito,Pichincha,C,15,0.9940334460056266,1473,1778,0.828458942632171,SHORTAGE,305,0,0.0,305.0,1778.0,0.0
2017-08-07,10,PET SUPPLIES,4,Quito,Pichincha,C,15,1.2425217477960038,5,5,1.0,BALANCED,0,0,0.0,0.0,5.0,0.0
2017-08-07,10,PLAYERS AND ELECTRONICS,23,Quito,Pichincha,C,15,1.6182725865283496,37,28,1.3214285714285714,OVERSTOCK,0,9,0.0,0.0,37.0,0.0
2017-08-07,10,POULTRY,1079,Quito,Pichincha,C,15,1.3831048086721225,1492,1295,1.1521235521235522,OVERSTOCK,0,197,197.0,0.0,1295.0,0.0
2017-08-07,10,PREPARED FOODS,189,Quito,Pichincha,C,15,1.565270193536493,296,227,1.303964757709251,OVERSTOCK,0,69,69.0,0.0,227.0,0.0
2017-08-07,10,PRODUCE,1857,Quito,Pichincha,C,15,1.2392667312788883,2301,2228,1.0327648114901258,BALANCED,0,0,0.0,0.0,2301.0,0.0
2017-08-07,10,SCHOOL AND OFFICE SUPPLIES,0,Quito,Pichincha,C,15,1.3595011551211449,0,0,0.0,SHORTAGE,0,0,0.0,0.0,0.0,0.0
2017-08-07,10,SEAFOOD,9,Quito,Pichincha,C,15,0.9457867370189541,9,11,0.8181818181818182,SHORTAGE,2,0,0.0,0.0,9.0,2.0
2017-08-07,11,AUTOMOTIVE,58,Cayambe,Pichincha,B,6,1.481871794772349,86,70,1.2285714285714286,OVERSTOCK,0,16,16.0,0.0,70.0,0.0
2017-08-07,11,BABY CARE,3,Cayambe,Pichincha,B,6,0.842885511750862,3,4,0.75,SHORTAGE,1,0,0.0,1.0,4.0,0.0
2017-08-07,11,BEAUTY,18,Cayambe,Pichincha,B,6,1.433757754582198,26,22,1.1818181818181819,OVERSTOCK,0,4,4.0,0.0,22.0,0.0
2017-08-07,11,BEVERAGES,32164,Cayambe,Pichincha,B,6,1.632862881991073,52519,38597,1.3607016089333368,OVERSTOCK,0,13922,13922.0,0.0,38597.0,0.0
2017-08-07,11,BOOKS,3,Cayambe,Pichincha,B,6,0.7585234047618528,2,4,0.5,SHORTAGE,2,0,0.0,2.0,4.0,0.0
2017-08-07,11,BREAD/BAKERY,4649,Cayambe,Pichincha,B,6,1.3372556886503038,6217,5579,1.114357411722531,OVERSTOCK,0,638,638.0,0.0,5579.0,0.0
2017-08-07,11,CELEBRATION,67,Cayambe,Pichincha,B,6,0.7141148978759215,48,80,0.6,SHORTAGE,32,0,0.0,32.0,80.0,0.0
2017-08-07,11,CLEANING,13362,Cayambe,Pichincha,B,6,1.4708587539257123,19654,16034,1.225770238243732,OVERSTOCK,0,3620,3620.0,0.0,16034.0,0.0
2017-08-07,11,DAIRY,4692,Cayambe,Pichincha,B,6,0.7013918625882243,3291,5630,0.5845470692717585,SHORTAGE,2339,0,0.0,2339.0,5630.0,0.0
2017-08-07,11,DELI,3457,Cayambe,Pichincha,B,6,1.7231277872407513,5957,4148,1.4361137897782064,OVERSTOCK,0,1809,1809.0,0.0,4148.0,0.0
2017-08-07,11,EGGS,1907,Cayambe,Pichincha,B,6,0.7648895160453626,1459,2288,0.6376748251748252,SHORTAGE,829,0,0.0,829.0,2288.0,0.0
2017-08-07,11,FROZEN FOODS,621,Cayambe,Pichincha,B,6,1.7506562950908966,1087,745,1.4590604026845637,OVERSTOCK,0,342,96.0,0.0,991.0,0.0
2017-08-07,11,GROCERY I,43391,Cayambe,Pichincha,B,6,1.5610610113021162,67736,52069,1.300889204709136,OVERSTOCK,0,15667,13225.0,0.0,54511.0,0.0
2017-08-07,11,GROCERY II,209,Cayambe,Pichincha,B,6,1.312418405359625,274,251,1.091633466135458,BALANCED,0,0,0.0,0.0,274.0,0.0
2017-08-07,11,HARDWARE,7,Cayambe,Pichincha,B,6,1.5391489255554565,11,8,1.375,OVERSTOCK,0,3,0.0,0.0,11.0,0.0
2017-08-07,11,HOME AND KITCHEN I,144,Cayambe,Pichincha,B,6,1.5541378067797031,224,173,1.2947976878612717,OVERSTOCK,0,51,51.0,0.0,173.0,0.0
2017-08-07,11,HOME AND KITCHEN II,167,Cayambe,Pichincha,B,6,1.7352324753807964,290,200,1.45,OVERSTOCK,0,90,21.0,0.0,269.0,0.0
2017-08-07,11,HOME APPLIANCES,4,Cayambe,Pichincha,B,6,0.9040600246070246,4,5,0.8,SHORTAGE,1,0,0.0,0.0,4.0,1.0
2017-08-07,11,HOME CARE,3459,Cayambe,Pichincha,B,6,1.3080910744299712,4525,4151,1.0900987713803902,BALANCED,0,0,0.0,0.0,4525.0,0.0
2017-08-07,11,LADIESWEAR,44,Cayambe,Pichincha,B,6,0.7140590370772815,31,53,0.5849056603773585,SHORTAGE,22,0,0.0,22.0,53.0,0.0
2017-08-07,11,LAWN AND GARDEN,12,Cayambe,Pichincha,B,6,1.3393988400289456,16,14,1.1428571428571428,OVERSTOCK,0,2,0.0,0.0,16.0,0.0
2017-08-07,11,LINGERIE,60,Cayambe,Pichincha,B,6,0.8055495649113465,48,72,0.6666666666666666,SHORTAGE,24,0,0.0,0.0,48.0,24.0
2017-08-07,11,"LIQUOR,WINE,BEER",267,Cayambe,Pichincha,B,6,1.2779407337669304,341,320,1.065625,BALANCED,0,0,0.0,0.0,341.0,0.0
2017-08-07,11,MAGAZINES,13,Cayambe,Pichincha,B,6,1.2869166168406196,17,16,1.0625,BALANCED,0,0,0.0,0.0,17.0,0.0
2017-08-07,11,MEATS,4671,Cayambe,Pichincha,B,6,1.159182183577473,5415,5605,0.9661016949152542,BALANCED,190,0,0.0,0.0,5415.0,190.0
2017-08-07,11,PERSONAL CARE,3212,Cayambe,Pichincha,B,6,1.2271581306157475,3942,3854,1.02283341982356,BALANCED,0,0,0.0,0.0,3942.0,0.0
2017-08-07,11,PET SUPPLIES,22,Cayambe,Pichincha,B,6,1.5167080680079057,33,26,1.2692307692307692,OVERSTOCK,0,7,7.0,0.0,26.0,0.0
2017-08-07,11,PLAYERS AND ELECTRONICS,75,Cayambe,Pichincha,B,6,1.55909365981448,117,90,1.3,OVERSTOCK,0,27,14.0,0.0,103.0,0.0
2017-08-07,11,POULTRY,3121,Cayambe,Pichincha,B,6,1.190583858690515,3716,3745,0.9922563417890521,BALANCED,29,0,0.0,0.0,3716.0,29.0
2017-08-07,11,PREPARED FOODS,587,Cayambe,Pichincha,B,6,1.3195121298271348,775,704,1.1008522727272727,OVERSTOCK,0,71,71.0,0.0,704.0,0.0
2017-08-07,11,PRODUCE,10760,Cayambe,Pichincha,B,6,1.7174834828281222,18480,12912,1.4312267657992566,OVERSTOCK,0,5568,5568.0,0.0,12912.0,0.0
2017-08-07,11,SCHOOL AND OFFICE SUPPLIES,121,Cayambe,Pichincha,B,6,0.7436803062013474,90,145,0.6206896551724138,SHORTAGE,55,0,0.0,0.0,90.0,55.0
2017-08-07,11,SEAFOOD,56,Cayambe,Pichincha,B,6,0.7405242790801326,41,67,0.6119402985074627,SHORTAGE,26,0,0.0,0.0,41.0,26.0
2017-08-07,12,AUTOMOTIVE,43,Latacunga,Cotopaxi,C,15,0.7052508142929221,30,52,0.5769230769230769,SHORTAGE,22,0,0.0,22.0,52.0,0.0
2017-08-07,12,BABY CARE,3,Latacunga,Cotopaxi,C,15,1.3894359420486335,4,4,1.0,BALANCED,0,0,0.0,0.0,4.0,0.0
2017-08-07,12,BEAUTY,24,Latacunga,Cotopaxi,C,15,1.1023299609484554,26,29,0.896551724137931,SHORTAGE,3,0,0.0,0.0,26.0,3.0
2017-08-07,12,BEVERAGES,11948,Latacunga,Cotopaxi,C,15,1.529185699370212,18271,14338,1.274306039893988,OVERSTOCK,0,3933,3933.0,0.0,14338.0,0.0
2017-08-07,12,BOOKS,3,Latacunga,Cotopaxi,C,15,1.4054776959703112,4,4,1.0,BALANCED,0,0,0.0,0.0,4.0,0.0
2017-08-07,12,BREAD/BAKERY,1387,Latacunga,Cotopaxi,C,15,1.0003653099938858,1388,1664,0.8341346153846154,SHORTAGE,276,0,0.0,276.0,1664.0,0.0
2017-08-07,12,CELEBRATION,58,Latacunga,Cotopaxi,C,15,1.678039856833843,97,70,1.3857142857142857,OVERSTOCK,0,27,27.0,0.0,70.0,0.0
2017-08-07,12,CLEANING,8339,Latacunga,Cotopaxi,C,15,1.515038576484783,12634,10007,1.262516238632957,OVERSTOCK,0,2627,2627.0,0.0,10007.0,0.0
2017-08-07,12,DAIRY,2824,Latacunga,Cotopaxi,C,15,0.9246419290922109,2611,3389,0.7704337562702862,SHORTAGE,778,0,0.0,0.0,2611.0,778.0
2017-08-07,12,DELI,1606,Latacunga,Cotopaxi,C,15,1.037030421326465,1665,1927,0.8640373637778931,SHORTAGE,262,0,0.0,262.0,1927.0,0.0
2017-08-07,12,EGGS,588,Latacunga,Cotopaxi,C,15,0.9773279762451155,575,706,0.8144475920679887,SHORTAGE,131,0,0.0,0.0,575.0,131.0
2017-08-07,12,FROZEN FOODS,262,Latacunga,Cotopaxi,C,15,0.7891339783499995,207,314,0.6592356687898089,SHORTAGE,107,0,0.0,107.0,314.0,0.0
2017-08-07,12,GROCERY I,19625,Latacunga,Cotopaxi,C,15,0.77734004705063,15255,23550,0.6477707006369426,SHORTAGE,8295,0,0.0,8295.0,23550.0,0.0
2017-08-07,12,GROCERY II,31,Latacunga,Cotopaxi,C,15,1.723352956050893,53,37,1.4324324324324325,OVERSTOCK,0,16,16.0,0.0,37.0,0.0
2017-08-07,12,HARDWARE,6,Latacunga,Cotopaxi,C,15,1.125484844638504,7,7,1.0,BALANCED,0,0,0.0,0.0,7.0,0.0
2017-08-07,12,HOME AND KITCHEN I,86,Latacunga,Cotopaxi,C,15,1.059983787332892,91,103,0.883495145631068,SHORTAGE,12,0,0.0,0.0,91.0,12.0
2017-08-07,12,HOME AND KITCHEN II,132,Latacunga,Cotopaxi,C,15,1.4756228504128537,195,158,1.2341772151898733,OVERSTOCK,0,37,23.0,0.0,172.0,0.0
2017-08-07,12,HOME APPLIANCES,4,Latacunga,Cotopaxi,C,15,1.26359167830348,5,5,1.0,BALANCED,0,0,0.0,0.0,5.0,0.0
2017-08-07,12,HOME CARE,1285,Latacunga,Cotopaxi,C,15,1.723367984206155,2215,1542,1.4364461738002594,OVERSTOCK,0,673,628.0,0.0,1587.0,0.0
2017-08-07,12,LADIESWEAR,47,Latacunga,Cotopaxi,C,15,1.5363617926912707,72,56,1.2857142857142858,OVERSTOCK,0,16,3.0,0.0,69.0,0.0
2017-08-07,12,LAWN AND GARDEN,4,Latacunga,Cotopaxi,C,15,1.1752434769494484,5,5,1.0,BALANCED,0,0,0.0,0.0,5.0,0.0
2017-08-07,12,LINGERIE,32,Latacunga,Cotopaxi,C,15,1.0516313681769915,34,38,0.8947368421052632,SHORTAGE,4,0,0.0,0.0,34.0,4.0
2017-08-07,12,"LIQUOR,WINE,BEER",238,Latacunga,Cotopaxi,C,15,1.7839578539091865,425,286,1.486013986013986,OVERSTOCK,0,139,139.0,0.0,286.0,0.0
2017-08-07,12,MAGAZINES,8,Latacunga,Cotopaxi,C,15,1.4613122832043723,12,10,1.2,OVERSTOCK,0,2,2.0,0.0,10.0,0.0
2017-08-07,12,MEATS,1133,Latacunga,Cotopaxi,C,15,1.7414335920046096,1973,1360,1.450735294117647,OVERSTOCK,0,613,613.0,0.0,1360.0,0.0
2017-08-07,12,PERSONAL CARE,1482,Latacunga,Cotopaxi,C,15,0.7421742926604497,1100,1778,0.6186726659167604,SHORTAGE,678,0,0.0,678.0,1778.0,0.0
2017-08-07,12,PET SUPPLIES,9,Latacunga,Cotopaxi,C,15,1.6206404150289393,15,11,1.3636363636363635,OVERSTOCK,0,4,4.0,0.0,11.0,0.0
2017-08-07,12,PLAYERS AND ELECTRONICS,32,Latacunga,Cotopaxi,C,15,1.364488660789449,44,38,1.1578947368421053,OVERSTOCK,0,6,6.0,0.0,38.0,0.0
2017-08-07,12,POULTRY,1157,Latacunga,Cotopaxi,C,15,0.7463060140021351,863,1388,0.6217579250720461,SHORTAGE,525,0,0.0,525.0,1388.0,0.0
2017-08-07,12,PREPARED FOODS,209,Latacunga,Cotopaxi,C,15,1.305909599963065,273,251,1.0876494023904382,BALANCED,0,0,0.0,0.0,273.0,0.0
2017-08-07,12,PRODUCE,2492,Latacunga,Cotopaxi,C,15,1.4233156381265386,3547,2990,1.18628762541806,OVERSTOCK,0,557,437.0,0.0,3110.0,0.0
2017-08-07,12,SCHOOL AND OFFICE SUPPLIES,441,Latacunga,Cotopaxi,C,15,0.6147632230663234,271,529,0.5122873345935728,SHORTAGE,258,0,0.0,0.0,271.0,258.0
2017-08-07,12,SEAFOOD,5,Latacunga,Cotopaxi,C,15,1.1451815542100958,6,6,1.0,BALANCED,0,0,0.0,0.0,6.0,0.0
2017-08-07,13,AUTOMOTIVE,31,Latacunga,Cotopaxi,C,15,1.5904794134355855,49,37,1.3243243243243243,OVERSTOCK,0,12,12.0,0.0,37.0,0.0
2017-08-07,13,BABY CARE,3,Latacunga,Cotopaxi,C,15,0.9544308304129079,3,4,0.75,SHORTAGE,1,0,0.0,1.0,4.0,0.0
2017-08-07,13,BEAUTY,9,Latacunga,Cotopaxi,C,15,1.1502576981582613,10,11,0.9090909090909091,BALANCED,1,0,0.0,0.0,10.0,1.0
2017-08-07,13,BEVERAGES,11709,Latacunga,Cotopaxi,C,15,1.130776952481472,13240,14051,0.9422816881360757,BALANCED,811,0,0.0,0.0,13240.0,811.0
2017-08-07,13,BOOKS,3,Latacunga,Cotopaxi,C,15,0.96231286973099,3,4,0.75,SHORTAGE,1,0,0.0,1.0,4.0,0.0
2017-08-07,13,BREAD/BAKERY,823,Latacunga,Cotopaxi,C,15,1.7021302746186653,1401,988,1.4180161943319838,OVERSTOCK,0,413,413.0,0.0,988.0,0.0
2017-08-07,13,CELEBRATION,43,Latacunga,Cotopaxi,C,15,1.537552842517819,66,52,1.2692307692307692,OVERSTOCK,0,14,14.0,0.0,52.0,0.0
2017-08-07,13,CLEANING,6196,Latacunga,Cotopaxi,C,15,0.7327060931953326,4540,7435,0.6106254203093476,SHORTAGE,2895,0,0.0,0.0,4540.0,2895.0
2017-08-07,13,DAIRY,2093,Latacunga,Cotopaxi,C,15,1.7964415894050878,3760,2512,1.4968152866242037,OVERSTOCK,0,1248,1248.0,0.0,2512.0,0.0
2017-08-07,13,DELI,1209,Latacunga,Cotopaxi,C,15,1.6550400291692944,2001,1451,1.3790489317711923,OVERSTOCK,0,550,550.0,0.0,1451.0,0.0
2017-08-07,13,EGGS,352,Latacunga,Cotopaxi,C,15,0.9406901254368468,331,422,0.7843601895734598,SHORTAGE,91,0,0.0,0.0,331.0,91.0
2017-08-07,13,FROZEN FOODS,222,Latacunga,Cotopaxi,C,15,1.604275895593126,356,266,1.3383458646616542,OVERSTOCK,0,90,90.0,0.0,266.0,0.0
2017-08-07,13,GROCERY I,19183,Latacunga,Cotopaxi,C,15,0.7277034382456594,13960,23020,0.6064291920069504,SHORTAGE,9060,0,0.0,9060.0,23020.0,0.0
2017-08-07,13,GROCERY II,86,Latacunga,Cotopaxi,C,15,1.7989256765690864,155,103,1.5048543689320388,OVERSTOCK,0,52,52.0,0.0,103.0,0.0
2017-08-07,13,HARDWARE,4,Latacunga,Cotopaxi,C,15,1.3988216833278444,6,5,1.2,OVERSTOCK,0,1,0.0,0.0,6.0,0.0
2017-08-07,13,HOME AND KITCHEN I,101,Latacunga,Cotopaxi,C,15,1.3801500186705564,139,121,1.1487603305785123,OVERSTOCK,0,18,18.0,0.0,121.0,0.0
2017-08-07,13,HOME AND KITCHEN II,47,Latacunga,Cotopaxi,C,15,0.7085288723809593,33,56,0.5892857142857143,SHORTAGE,23,0,0.0,23.0,56.0,0.0
2017-08-07,13,HOME APPLIANCES,4,Latacunga,Cotopaxi,C,15,1.6764400786759504,7,5,1.4,OVERSTOCK,0,2,2.0,0.0,5.0,0.0
2017-08-07,13,HOME CARE,1111,Latacunga,Cotopaxi,C,15,0.6347994038453633,705,1333,0.5288822205551388,SHORTAGE,628,0,0.0,628.0,1333.0,0.0
2017-08-07,13,LADIESWEAR,9,Latacunga,Cotopaxi,C,15,0.8889936696493764,8,11,0.7272727272727273,SHORTAGE,3,0,0.0,3.0,11.0,0.0
2017-08-07,13,LAWN AND GARDEN,4,Latacunga,Cotopaxi,C,15,0.771626250199962,3,5,0.6,SHORTAGE,2,0,0.0,2.0,5.0,0.0
2017-08-07,13,LINGERIE,23,Latacunga,Cotopaxi,C,15,1.5321215288306624,35,28,1.25,OVERSTOCK,0,7,7.0,0.0,28.0,0.0
2017-08-07,13,"LIQUOR,WINE,BEER",254,Latacunga,Cotopaxi,C,15,0.8378450726554775,213,305,0.6983606557377049,SHORTAGE,92,0,0.0,92.0,305.0,0.0
2017-08-07,13,MAGAZINES,4,Latacunga,Cotopaxi,C,15,1.6927658725570625,7,5,1.4,OVERSTOCK,0,2,2.0,0.0,5.0,0.0
2017-08-07,13,MEATS,1133,Latacunga,Cotopaxi,C,15,1.3875228471929884,1572,1360,1.1558823529411764,OVERSTOCK,0,212,212.0,0.0,1360.0,0.0
2017-08-07,13,PERSONAL CARE,1482,Latacunga,Cotopaxi,C,15,0.6433952525936354,954,1778,0.5365579302587177,SHORTAGE,824,0,0.0,824.0,1778.0,0.0
2017-08-07,13,PET SUPPLIES,4,Latacunga,Cotopaxi,C,15,0.6065158009544406,2,5,0.4,SHORTAGE,3,0,0.0,0.0,2.0,3.0
2017-08-07,13,PLAYERS AND ELECTRONICS,32,Latacunga,Cotopaxi,C,15,0.6619895004172787,21,38,0.5526315789473685,SHORTAGE,17,0,0.0,17.0,38.0,0.0
2017-08-07,13,POULTRY,642,Latacunga,Cotopaxi,C,15,1.3271102131772734,852,770,1.1064935064935064,OVERSTOCK,0,82,82.0,0.0,770.0,0.0
2017-08-07,13,PREPARED FOODS,167,Latacunga,Cotopaxi,C,15,1.5617781730312985,261,200,1.305,OVERSTOCK,0,61,61.0,0.0,200.0,0.0
2017-08-07,13,PRODUCE,1393,Latacunga,Cotopaxi,C,15,0.8862633847528661,1235,1672,0.7386363636363636,SHORTAGE,437,0,0.0,437.0,1672.0,0.0
2017-08-07,13,SCHOOL AND OFFICE SUPPLIES,324,Latacunga,Cotopaxi,C,15,1.6192906115076877,525,389,1.3496143958868894,OVERSTOCK,0,136,136.0,0.0,389.0,0.0
2017-08-07,13,SEAFOOD,0,Latacunga,Cotopaxi,C,15,0.6686783281839125,0,0,0.0,SHORTAGE,0,0,0.0,0.0,0.0,0.0
2017-08-07,14,AUTOMOTIVE,18,Riobamba,Chimborazo,C,7,1.5611566243700117,28,22,1.2727272727272727,OVERSTOCK,0,6,6.0,0.0,22.0,0.0
2017-08-07,14,BABY CARE,3,Riobamba,Chimborazo,C,7,1.7133545162067365,5,4,1.25,OVERSTOCK,0,1,0.0,0.0,5.0,0.0
2017-08-07,14,BEAUTY,5,Riobamba,Chimborazo,C,7,1.5265300789252567,8,6,1.3333333333333333,OVERSTOCK,0,2,2.0,0.0,6.0,0.0
2017-08-07,14,BEVERAGES,11155,Riobamba,Chimborazo,C,7,1.4377449407743648,16038,13386,1.1981174361272973,OVERSTOCK,0,2652,2652.0,0.0,13386.0,0.0
2017-08-07,14,BOOKS,3,Riobamba,Chimborazo,C,7,1.6055762623864598,5,4,1.25,OVERSTOCK,0,1,0.0,0.0,5.0,0.0
2017-08-07,14,BREAD/BAKERY,1209,Riobamba,Chimborazo,C,7,0.6481815594564797,784,1451,0.5403170227429359,SHORTAGE,667,0,0.0,667.0,1451.0,0.0
2017-08-07,14,CELEBRATION,43,Riobamba,Chimborazo,C,7,0.8421385328628664,36,52,0.6923076923076923,SHORTAGE,16,0,0.0,0.0,36.0,16.0
2017-08-07,14,CLEANING,10322,Riobamba,Chimborazo,C,7,0.7499084151667716,7741,12386,0.6249798159212013,SHORTAGE,4645,0,0.0,4645.0,12386.0,0.0
2017-08-07,14,DAIRY,2851,Riobamba,Chimborazo,C,7,1.205437188231584,3437,3421,1.0046769950306929,BALANCED,0,0,0.0,0.0,3437.0,0.0
2017-08-07,14,DELI,1790,Riobamba,Chimborazo,C,7,1.4942257539946135,2675,2148,1.245344506517691,OVERSTOCK,0,527,366.0,0.0,2309.0,0.0
2017-08-07,14,EGGS,236,Riobamba,Chimborazo,C,7,1.3560142134916786,320,283,1.1307420494699647,OVERSTOCK,0,37,37.0,0.0,283.0,0.0
2017-08-07,14,FROZEN FOODS,266,Riobamba,Chimborazo,C,7,1.621357319714322,431,319,1.3510971786833856,OVERSTOCK,0,112,0.0,0.0,431.0,0.0
2017-08-07,14,GROCERY I,19787,Riobamba,Chimborazo,C,7,0.7862555909293091,15558,23744,0.655239218328841,SHORTAGE,8186,0,0.0,8186.0,23744.0,0.0
2017-08-07,14,GROCERY II,6,Riobamba,Chimborazo,C,7,1.481545310322194,9,7,1.2857142857142858,OVERSTOCK,0,2,2.0,0.0,7.0,0.0
2017-08-07,14,HARDWARE,4,Riobamba,Chimborazo,C,7,0.8316497890426849,3,5,0.6,SHORTAGE,2,0,0.0,2.0,5.0,0.0
2017-08-07,14,HOME AND KITCHEN I,56,Riobamba,Chimborazo,C,7,0.9249105015813603,52,67,0.7761194029850746,SHORTAGE,15,0,0.0,0.0,52.0,15.0
2017-08-07,14,HOME AND KITCHEN II,153,Riobamba,Chimborazo,C,7,1.4518856367375648,222,184,1.2065217391304348,OVERSTOCK,0,38,0.0,0.0,222.0,0.0
2017-08-07,14,HOME APPLIANCES,4,Riobamba,Chimborazo,C,7,1.7762457418784183,7,5,1.4,OVERSTOCK,0,2,2.0,0.0,5.0,0.0
2017-08-07,14,HOME CARE,1600,Riobamba,Chimborazo,C,7,1.3338523271724836,2134,1920,1.1114583333333334,OVERSTOCK,0,214,133.0,0.0,2001.0,0.0
2017-08-07,14,LADIESWEAR,6,Riobamba,Chimborazo,C,7,0.6654003779895546,4,7,0.5714285714285714,SHORTAGE,3,0,0.0,3.0,7.0,0.0
2017-08-07,14,LAWN AND GARDEN,4,Riobamba,Chimborazo,C,7,1.3395707639130394,5,5,1.0,BALANCED,0,0,0.0,0.0,5.0,0.0
2017-08-07,14,LINGERIE,23,Riobamba,Chimborazo,C,7,0.6508206618962005,15,28,0.5357142857142857,SHORTAGE,13,0,0.0,0.0,15.0,13.0
2017-08-07,14,"LIQUOR,WINE,BEER",86,Riobamba,Chimborazo,C,7,1.6609748536401807,143,103,1.3883495145631068,OVERSTOCK,0,40,40.0,0.0,103.0,0.0
2017-08-07,14,MAGAZINES,9,Riobamba,Chimborazo,C,7,1.451493942120745,13,11,1.1818181818181819,OVERSTOCK,0,2,2.0,0.0,11.0,0.0
2017-08-07,14,MEATS,1855,Riobamba,Chimborazo,C,7,0.8077534157070039,1498,2226,0.6729559748427673,SHORTAGE,728,0,0.0,728.0,2226.0,0.0
2017-08-07,14,PERSONAL CARE,1984,Riobamba,Chimborazo,C,7,0.7100652069890376,1409,2381,0.5917681646367072,SHORTAGE,972,0,0.0,972.0,2381.0,0.0
2017-08-07,14,PET SUPPLIES,6,Riobamba,Chimborazo,C,7,0.8202398746563828,5,7,0.7142857142857143,SHORTAGE,2,0,0.0,0.0,5.0,2.0
2017-08-07,14,PLAYERS AND ELECTRONICS,23,Riobamba,Chimborazo,C,7,1.7760326154650312,41,28,1.4642857142857142,OVERSTOCK,0,13,0.0,0.0,41.0,0.0
2017-08-07,14,POULTRY,615,Riobamba,Chimborazo,C,7,1.1502727709501879,707,738,0.9579945799457995,BALANCED,31,0,0.0,0.0,707.0,31.0
2017-08-07,14,PREPARED FOODS,602,Riobamba,Chimborazo,C,7,1.5408971380096896,928,722,1.2853185595567866,OVERSTOCK,0,206,206.0,0.0,722.0,0.0
2017-08-07,14,PRODUCE,2723,Riobamba,Chimborazo,C,7,1.3636900105293324,3713,3268,1.1361689106487147,OVERSTOCK,0,445,0.0,0.0,3713.0,0.0
2017-08-07,14,SCHOOL AND OFFICE SUPPLIES,78,Riobamba,Chimborazo,C,7,1.2868957799503649,100,94,1.0638297872340425,BALANCED,0,0,0.0,0.0,100.0,0.0
2017-08-07,14,SEAFOOD,14,Riobamba,Chimborazo,C,7,0.7741563055980596,11,17,0.6470588235294118,SHORTAGE,6,0,0.0,0.0,11.0,6.0
2017-08-07,15,AUTOMOTIVE,4,Ibarra,Imbabura,C,15,1.7352293442697142,7,5,1.4,OVERSTOCK,0,2,2.0,0.0,5.0,0.0
2017-08-07,15,BABY CARE,3,Ibarra,Imbabura,C,15,0.9616111590176616,3,4,0.75,SHORTAGE,1,0,0.0,1.0,4.0,0.0
2017-08-07,15,BEAUTY,5,Ibarra,Imbabura,C,15,1.2936206589690507,6,6,1.0,BALANCED,0,0,0.0,0.0,6.0,0.0
2017-08-07,15,BEVERAGES,12059,Ibarra,Imbabura,C,15,1.4397311335068794,17362,14471,1.1997788680809895,OVERSTOCK,0,2891,2891.0,0.0,14471.0,0.0
2017-08-07,15,BOOKS,3,Ibarra,Imbabura,C,15,1.3790797862943707,4,4,1.0,BALANCED,0,0,0.0,0.0,4.0,0.0
2017-08-07,15,BREAD/BAKERY,1159,Ibarra,Imbabura,C,15,1.7287132916346222,2004,1391,1.4406901509705248,OVERSTOCK,0,613,613.0,0.0,1391.0,0.0
2017-08-07,15,CELEBRATION,12,Ibarra,Imbabura,C,15,0.7781267879040696,9,14,0.6428571428571429,SHORTAGE,5,0,0.0,0.0,9.0,5.0
2017-08-07,15,CLEANING,6405,Ibarra,Imbabura,C,15,1.2100232861363305,7750,7686,1.0083268279989592,BALANCED,0,0,0.0,0.0,7750.0,0.0
2017-08-07,15,DAIRY,2505,Ibarra,Imbabura,C,15,1.0848412688889193,2718,3006,0.9041916167664671,BALANCED,288,0,0.0,0.0,2718.0,288.0
2017-08-07,15,DELI,1856,Ibarra,Imbabura,C,15,1.1690024753791417,2170,2227,0.9744050291872475,BALANCED,57,0,0.0,57.0,2227.0,0.0
2017-08-07,15,EGGS,621,Ibarra,Imbabura,C,15,0.7430610314372935,461,745,0.6187919463087248,SHORTAGE,284,0,0.0,0.0,461.0,284.0
2017-08-07,15,FROZEN FOODS,470,Ibarra,Imbabura,C,15,0.7609135318473184,358,564,0.6347517730496454,SHORTAGE,206,0,0.0,206.0,564.0,0.0
2017-08-07,15,GROCERY I,18566,Ibarra,Imbabura,C,15,0.9336906549375089,17335,22279,0.7780869877463081,SHORTAGE,4944,0,0.0,4944.0,22279.0,0.0
2017-08-07,15,GROCERY II,34,Ibarra,Imbabura,C,15,0.9656455245129976,33,41,0.8048780487804879,SHORTAGE,8,0,0.0,0.0,33.0,8.0
2017-08-07,15,HARDWARE,7,Ibarra,Imbabura,C,15,1.11348385641762,8,8,1.0,BALANCED,0,0,0.0,0.0,8.0,0.0
2017-08-07,15,HOME AND KITCHEN I,74,Ibarra,Imbabura,C,15,1.333185056443954,99,89,1.1123595505617978,OVERSTOCK,0,10,10.0,0.0,89.0,0.0
2017-08-07,15,HOME AND KITCHEN II,101,Ibarra,Imbabura,C,15,1.3615549409019156,138,121,1.140495867768595,OVERSTOCK,0,17,0.0,0.0,138.0,0.0
2017-08-07,15,HOME APPLIANCES,4,Ibarra,Imbabura,C,15,1.0941730759026844,4,5,0.8,SHORTAGE,1,0,0.0,0.0,4.0,1.0
2017-08-07,15,HOME CARE,1591,Ibarra,Imbabura,C,15,1.0905397313144365,1735,1909,0.9088528025144055,BALANCED,174,0,0.0,174.0,1909.0,0.0
2017-08-07,15,LADIESWEAR,27,Ibarra,Imbabura,C,15,0.8611542320363544,23,32,0.71875,SHORTAGE,9,0,0.0,9.0,32.0,0.0
2017-08-07,15,LAWN AND GARDEN,4,Ibarra,Imbabura,C,15,1.30596749809081,5,5,1.0,BALANCED,0,0,0.0,0.0,5.0,0.0
2017-08-07,15,LINGERIE,19,Ibarra,Imbabura,C,15,0.9804490935806855,19,23,0.8260869565217391,SHORTAGE,4,0,0.0,0.0,19.0,4.0
2017-08-07,15,"LIQUOR,WINE,BEER",154,Ibarra,Imbabura,C,15,0.6432718011328364,99,185,0.5351351351351351,SHORTAGE,86,0,0.0,86.0,185.0,0.0
2017-08-07,15,MAGAZINES,9,Ibarra,Imbabura,C,15,1.1020800529882324,10,11,0.9090909090909091,BALANCED,1,0,0.0,0.0,10.0,1.0
2017-08-07,15,MEATS,860,Ibarra,Imbabura,C,15,1.1689592101082045,1005,1032,0.9738372093023255,BALANCED,27,0,0.0,0.0,1005.0,27.0
2017-08-07,15,PERSONAL CARE,1407,Ibarra,Imbabura,C,15,0.8707114418450532,1225,1688,0.7257109004739336,SHORTAGE,463,0,0.0,463.0,1688.0,0.0
2017-08-07,15,PET SUPPLIES,4,Ibarra,Imbabura,C,15,1.2869495197465388,5,5,1.0,BALANCED,0,0,0.0,0.0,5.0,0.0
2017-08-07,15,PLAYERS AND ELECTRONICS,27,Ibarra,Imbabura,C,15,1.2789262805183053,35,32,1.09375,BALANCED,0,0,0.0,0.0,35.0,0.0
2017-08-07,15,POULTRY,789,Ibarra,Imbabura,C,15,1.4424026173324458,1138,947,1.20168954593453,OVERSTOCK,0,191,191.0,0.0,947.0,0.0
2017-08-07,15,PREPARED FOODS,300,Ibarra,Imbabura,C,15,1.3775381786414522,413,360,1.1472222222222221,OVERSTOCK,0,53,53.0,0.0,360.0,0.0
2017-08-07,15,PRODUCE,4231,Ibarra,Imbabura,C,15,1.382919667825238,5851,5077,1.1524522355721882,OVERSTOCK,0,774,0.0,0.0,5851.0,0.0
2017-08-07,15,SCHOOL AND OFFICE SUPPLIES,324,Ibarra,Imbabura,C,15,0.9794569821888518,317,389,0.8149100257069408,SHORTAGE,72,0,0.0,0.0,317.0,72.0
2017-08-07,15,SEAFOOD,9,Ibarra,Imbabura,C,15,1.5449186663831447,14,11,1.2727272727272727,OVERSTOCK,0,3,3.0,0.0,11.0,0.0
2017-08-07,16,AUTOMOTIVE,21,Santo Domingo,Santo Domingo de los Tsachilas,C,3,1.2589732603196153,26,25,1.04,BALANCED,0,0,0.0,0.0,26.0,0.0
2017-08-07,16,BABY CARE,3,Santo Domingo,Santo Domingo de los Tsachilas,C,3,1.1177018342158682,3,4,0.75,SHORTAGE,1,0,0.0,1.0,4.0,0.0
2017-08-07,16,BEAUTY,0,Santo Domingo,Santo Domingo de los Tsachilas,C,3,1.3512149771292685,0,0,0.0,SHORTAGE,0,0,0.0,0.0,0.0,0.0
2017-08-07,16,BEVERAGES,10765,Santo Domingo,Santo Domingo de los Tsachilas,C,3,1.0327888013403053,11118,12918,0.8606595448211798,SHORTAGE,1800,0,0.0,0.0,11118.0,1800.0
2017-08-07,16,BOOKS,3,Santo Domingo,Santo Domingo de los Tsachilas,C,3,1.21528709352811,4,4,1.0,BALANCED,0,0,0.0,0.0,4.0,0.0
2017-08-07,16,BREAD/BAKERY,1159,Santo Domingo,Santo Domingo de los Tsachilas,C,3,1.4840468261786643,1720,1391,1.2365204888569374,OVERSTOCK,0,329,329.0,0.0,1391.0,0.0
2017-08-07,16,CELEBRATION,26,Santo Domingo,Santo Domingo de los Tsachilas,C,3,1.6636834640684495,43,31,1.3870967741935485,OVERSTOCK,0,12,12.0,0.0,31.0,0.0
2017-08-07,16,CLEANING,6492,Santo Domingo,Santo Domingo de los Tsachilas,C,3,1.70526863675423,11071,7790,1.421181001283697,OVERSTOCK,0,3281,3281.0,0.0,7790.0,0.0
2017-08-07,16,DAIRY,1964,Santo Domingo,Santo Domingo de los Tsachilas,C,3,1.204359510219719,2365,2357,1.003394145099703,BALANCED,0,0,0.0,0.0,2365.0,0.0
2017-08-07,16,DELI,1237,Santo Domingo,Santo Domingo de los Tsachilas,C,3,1.224330137688683,1514,1484,1.0202156334231807,BALANCED,0,0,0.0,0.0,1514.0,0.0
2017-08-07,16,EGGS,1078,Santo Domingo,Santo Domingo de los Tsachilas,C,3,1.559844492916604,1682,1294,1.2998454404945905,OVERSTOCK,0,388,388.0,0.0,1294.0,0.0
2017-08-07,16,FROZEN FOODS,236,Santo Domingo,Santo Domingo de los Tsachilas,C,3,0.9773408300930415,231,283,0.8162544169611308,SHORTAGE,52,0,0.0,52.0,283.0,0.0
2017-08-07,16,GROCERY I,14196,Santo Domingo,Santo Domingo de los Tsachilas,C,3,1.6048588348140824,22783,17035,1.33742295274435,OVERSTOCK,0,5748,649.0,0.0,22134.0,0.0
2017-08-07,16,GROCERY II,6,Santo Domingo,Santo Domingo de los Tsachilas,C,3,1.1929699758209082,7,7,1.0,BALANCED,0,0,0.0,0.0,7.0,0.0
2017-08-07,16,HARDWARE,4,Santo Domingo,Santo Domingo de los Tsachilas,C,3,0.7390280692023221,3,5,0.6,SHORTAGE,2,0,0.0,2.0,5.0,0.0
2017-08-07,16,HOME AND KITCHEN I,38,Santo Domingo,Santo Domingo de los Tsachilas,C,3,0.6864709764875324,26,46,0.5652173913043478,SHORTAGE,20,0,0.0,0.0,26.0,20.0
2017-08-07,16,HOME AND KITCHEN II,52,Santo Domingo,Santo Domingo de los Tsachilas,C,3,1.6103918532473558,84,62,1.3548387096774193,OVERSTOCK,0,22,0.0,0.0,84.0,0.0
2017-08-07,16,HOME APPLIANCES,4,Santo Domingo,Santo Domingo de los Tsachilas,C,3,0.6666815002882535,3,5,0.6,SHORTAGE,2,0,0.0,0.0,3.0,2.0
2017-08-07,16,HOME CARE,1189,Santo Domingo,Santo Domingo de los Tsachilas,C,3,0.9367337233603871,1114,1427,0.7806587245970568,SHORTAGE,313,0,0.0,313.0,1427.0,0.0
2017-08-07,16,LADIESWEAR,4,Santo Domingo,Santo Domingo de los Tsachilas,C,3,1.000956048601855,4,5,0.8,SHORTAGE,1,0,0.0,1.0,5.0,0.0
2017-08-07,16,LAWN AND GARDEN,4,Santo Domingo,Santo Domingo de los Tsachilas,C,3,0.8075933342299125,3,5,0.6,SHORTAGE,2,0,0.0,2.0,5.0,0.0
2017-08-07,16,LINGERIE,19,Santo Domingo,Santo Domingo de los Tsachilas,C,3,0.9766720437623871,19,23,0.8260869565217391,SHORTAGE,4,0,0.0,0.0,19.0,4.0
2017-08-07,16,"LIQUOR,WINE,BEER",238,Santo Domingo,Santo Domingo de los Tsachilas,C,3,1.491231080070103,355,286,1.2412587412587412,OVERSTOCK,0,69,69.0,0.0,286.0,0.0
2017-08-07,16,MAGAZINES,11,Santo Domingo,Santo Domingo de los Tsachilas,C,3,0.6176194122720849,7,13,0.5384615384615384,SHORTAGE,6,0,0.0,0.0,7.0,6.0
2017-08-07,16,MEATS,370,Santo Domingo,Santo Domingo de los Tsachilas,C,3,1.592608109424824,589,444,1.3265765765765767,OVERSTOCK,0,145,145.0,0.0,444.0,0.0
2017-08-07,16,PERSONAL CARE,1038,Santo Domingo,Santo Domingo de los Tsachilas,C,3,1.62785762828947,1690,1246,1.3563402889245586,OVERSTOCK,0,444,408.0,0.0,1282.0,0.0
2017-08-07,16,PET SUPPLIES,6,Santo Domingo,Santo Domingo de los Tsachilas,C,3,1.0467138878298579,6,7,0.8571428571428571,SHORTAGE,1,0,0.0,0.0,6.0,1.0
2017-08-07,16,PLAYERS AND ELECTRONICS,23,Santo Domingo,Santo Domingo de los Tsachilas,C,3,0.7843354788727618,18,28,0.6428571428571429,SHORTAGE,10,0,0.0,10.0,28.0,0.0
2017-08-07,16,POULTRY,472,Santo Domingo,Santo Domingo de los Tsachilas,C,3,1.3210084895340972,624,566,1.1024734982332156,OVERSTOCK,0,58,58.0,0.0,566.0,0.0
2017-08-07,16,PREPARED FOODS,250,Santo Domingo,Santo Domingo de los Tsachilas,C,3,0.7436070670378732,186,300,0.62,SHORTAGE,114,0,0.0,114.0,300.0,0.0
2017-08-07,16,PRODUCE,3877,Santo Domingo,Santo Domingo de los Tsachilas,C,3,1.037903233293903,4024,4652,0.8650042992261393,SHORTAGE,628,0,0.0,628.0,4652.0,0.0
2017-08-07,16,SCHOOL AND OFFICE SUPPLIES,4,Santo Domingo,Santo Domingo de los Tsachilas,C,3,1.750115017081167,7,5,1.4,OVERSTOCK,0,2,2.0,0.0,5.0,0.0
2017-08-07,16,SEAFOOD,6,Santo Domingo,Santo Domingo de los Tsachilas,C,3,1.7945573671003647,11,7,1.5714285714285714,OVERSTOCK,0,4,4.0,0.0,7.0,0.0
2017-08-07,17,AUTOMOTIVE,67,Quito,Pichincha,C,12,1.5265258696255029,102,80,1.275,OVERSTOCK,0,22,22.0,0.0,80.0,0.0
2017-08-07,17,BABY CARE,4,Quito,Pichincha,C,12,0.9731538119049195,4,5,0.8,SHORTAGE,1,0,0.0,1.0,5.0,0.0
2017-08-07,17,BEAUTY,0,Quito,Pichincha,C,12,1.4251980589993112,0,0,0.0,SHORTAGE,0,0,0.0,0.0,0.0,0.0
2017-08-07,17,BEVERAGES,22702,Quito,Pichincha,C,12,1.4464876385808154,32838,27242,1.2054181043976213,OVERSTOCK,0,5596,5596.0,0.0,27242.0,0.0
2017-08-07,17,BOOKS,3,Quito,Pichincha,C,12,1.0654100341963797,3,4,0.75,SHORTAGE,1,0,0.0,1.0,4.0,0.0
2017-08-07,17,BREAD/BAKERY,2294,Quito,Pichincha,C,12,1.3690663615033913,3141,2753,1.1409371594624047,OVERSTOCK,0,388,388.0,0.0,2753.0,0.0
2017-08-07,17,CELEBRATION,58,Quito,Pichincha,C,12,0.6128731739708114,36,70,0.5142857142857142,SHORTAGE,34,0,0.0,34.0,70.0,0.0
2017-08-07,17,CLEANING,8564,Quito,Pichincha,C,12,0.8508691903226898,7287,10277,0.7090590639291622,SHORTAGE,2990,0,0.0,0.0,7287.0,2990.0
2017-08-07,17,DAIRY,5133,Quito,Pichincha,C,12,1.2301059635607134,6314,6160,1.025,BALANCED,0,0,0.0,0.0,6314.0,0.0
2017-08-07,17,DELI,3667,Quito,Pichincha,C,12,0.7965015651099551,2921,4400,0.6638636363636363,SHORTAGE,1479,0,0.0,1479.0,4400.0,0.0
2017-08-07,17,EGGS,1498,Quito,Pichincha,C,12,0.7990882414518403,1197,1798,0.6657397107897665,SHORTAGE,601,0,0.0,0.0,1197.0,601.0
2017-08-07,17,FROZEN FOODS,771,Quito,Pichincha,C,12,1.6035651486602855,1236,925,1.3362162162162161,OVERSTOCK,0,311,70.0,0.0,1166.0,0.0
2017-08-07,17,GROCERY I,30170,Quito,Pichincha,C,12,1.7869596032203268,53913,36204,1.4891448458733842,OVERSTOCK,0,17709,14445.0,0.0,39468.0,0.0
2017-08-07,17,GROCERY II,86,Quito,Pichincha,C,12,1.2671633136341383,109,103,1.058252427184466,BALANCED,0,0,0.0,0.0,109.0,0.0
2017-08-07,17,HARDWARE,9,Quito,Pichincha,C,12,1.6068836770580563,14,11,1.2727272727272727,OVERSTOCK,0,3,1.0,0.0,13.0,0.0
2017-08-07,17,HOME AND KITCHEN I,153,Quito,Pichincha,C,12,1.7883859971915272,274,184,1.4891304347826086,OVERSTOCK,0,90,90.0,0.0,184.0,0.0
2017-08-07,17,HOME AND KITCHEN II,189,Quito,Pichincha,C,12,0.7699150662825296,146,227,0.6431718061674009,SHORTAGE,81,0,0.0,81.0,227.0,0.0
2017-08-07,17,HOME APPLIANCES,4,Quito,Pichincha,C,12,1.1378947359052214,5,5,1.0,BALANCED,0,0,0.0,0.0,5.0,0.0
2017-08-07,17,HOME CARE,2167,Quito,Pichincha,C,12,1.071087259010304,2321,2600,0.8926923076923077,SHORTAGE,279,0,0.0,279.0,2600.0,0.0
2017-08-07,17,LADIESWEAR,4,Quito,Pichincha,C,12,0.696059140375422,3,5,0.6,SHORTAGE,2,0,0.0,2.0,5.0,0.0
2017-08-07,17,LAWN AND GARDEN,4,Quito,Pichincha,C,12,1.5063962073536934,6,5,1.2,OVERSTOCK,0,1,0.0,0.0,6.0,0.0
2017-08-07,17,LINGERIE,47,Quito,Pichincha,C,12,1.1205348327871116,53,56,0.9464285714285714,BALANCED,3,0,0.0,0.0,53.0,3.0
2017-08-07,17,"LIQUOR,WINE,BEER",264,Quito,Pichincha,C,12,1.1631923210284816,307,317,0.9684542586750788,BALANCED,10,0,0.0,0.0,307.0,10.0
2017-08-07,17,MAGAZINES,9,Quito,Pichincha,C,12,0.7808075685758882,7,11,0.6363636363636364,SHORTAGE,4,0,0.0,0.0,7.0,4.0
2017-08-07,17,MEATS,1847,Quito,Pichincha,C,12,0.8171119826770418,1509,2216,0.680956678700361,SHORTAGE,707,0,0.0,707.0,2216.0,0.0
2017-08-07,17,PERSONAL CARE,2007,Quito,Pichincha,C,12,1.6885243465874582,3389,2408,1.407392026578073,OVERSTOCK,0,981,981.0,0.0,2408.0,0.0
2017-08-07,17,PET SUPPLIES,11,Quito,Pichincha,C,12,0.6535789067691347,7,13,0.5384615384615384,SHORTAGE,6,0,0.0,0.0,7.0,6.0
2017-08-07,17,PLAYERS AND ELECTRONICS,52,Quito,Pichincha,C,12,0.8794227419324475,46,62,0.7419354838709677,SHORTAGE,16,0,0.0,16.0,62.0,0.0
2017-08-07,17,POULTRY,2622,Quito,Pichincha,C,12,0.950471196377434,2492,3146,0.7921169739351558,SHORTAGE,654,0,0.0,654.0,3146.0,0.0
2017-08-07,17,PREPARED FOODS,353,Quito,Pichincha,C,12,1.1882370508819038,419,424,0.9882075471698113,BALANCED,5,0,0.0,0.0,419.0,5.0
2017-08-07,17,PRODUCE,10132,Quito,Pichincha,C,12,1.3037342076177552,13209,12158,1.0864451390031256,BALANCED,0,0,0.0,0.0,13209.0,0.0
2017-08-07,17,SCHOOL AND OFFICE SUPPLIES,78,Quito,Pichincha,C,12,1.1919479710207999,93,94,0.9893617021276596,BALANCED,1,0,0.0,0.0,93.0,1.0
2017-08-07,17,SEAFOOD,82,Quito,Pichincha,C,12,0.7009384014682585,57,98,0.5816326530612245,SHORTAGE,41,0,0.0,0.0,57.0,41.0
2017-08-07,18,AUTOMOTIVE,26,Quito,Pichincha,B,16,0.8924009448668563,23,31,0.7419354838709677,SHORTAGE,8,0,0.0,0.0,23.0,8.0
2017-08-07,18,BABY CARE,3,Quito,Pichincha,B,16,1.6123060617150495,5,4,1.25,OVERSTOCK,0,1,0.0,0.0,5.0,0.0
2017-08-07,18,BEAUTY,8,Quito,Pichincha,B,16,1.3651064405741509,11,10,1.1,BALANCED,0,0,0.0,0.0,11.0,0.0
2017-08-07,18,BEVERAGES,15893,Quito,Pichincha,B,16,1.3789788601611292,21916,19072,1.1491191275167785,OVERSTOCK,0,2844,2844.0,0.0,19072.0,0.0
2017-08-07,18,BOOKS,3,Quito,Pichincha,B,16,1.404243906421626,4,4,1.0,BALANCED,0,0,0.0,0.0,4.0,0.0
2017-08-07,18,BREAD/BAKERY,4161,Quito,Pichincha,B,16,1.515483622847435,6306,4993,1.2629681554175847,OVERSTOCK,0,1313,1313.0,0.0,4993.0,0.0
2017-08-07,18,CELEBRATION,50,Quito,Pichincha,B,16,0.6697301780657368,33,60,0.55,SHORTAGE,27,0,0.0,27.0,60.0,0.0
2017-08-07,18,CLEANING,4620,Quito,Pichincha,B,16,1.039930061919135,4804,5544,0.8665223665223665,SHORTAGE,740,0,0.0,0.0,4804.0,740.0
2017-08-07,18,DAIRY,4233,Quito,Pichincha,B,16,1.2474329223140146,5280,5080,1.0393700787401574,BALANCED,0,0,0.0,0.0,5280.0,0.0
2017-08-07,18,DELI,1670,Quito,Pichincha,B,16,1.0061477799567913,1680,2004,0.8383233532934131,SHORTAGE,324,0,0.0,324.0,2004.0,0.0
2017-08-07,18,EGGS,1366,Quito,Pichincha,B,16,1.613374647944624,2204,1639,1.3447223917022575,OVERSTOCK,0,565,565.0,0.0,1639.0,0.0
2017-08-07,18,FROZEN FOODS,410,Quito,Pichincha,B,16,1.1790870103047528,483,492,0.9817073170731707,BALANCED,9,0,0.0,9.0,492.0,0.0
2017-08-07,18,GROCERY I,19797,Quito,Pichincha,B,16,1.522353107351255,30138,23756,1.268647920525341,OVERSTOCK,0,6382,4672.0,0.0,25466.0,0.0
2017-08-07,18,GROCERY II,90,Quito,Pichincha,B,16,1.622418620257403,146,108,1.3518518518518519,OVERSTOCK,0,38,38.0,0.0,108.0,0.0
2017-08-07,18,HARDWARE,4,Quito,Pichincha,B,16,1.2057497794841978,5,5,1.0,BALANCED,0,0,0.0,0.0,5.0,0.0
2017-08-07,18,HOME AND KITCHEN I,127,Quito,Pichincha,B,16,1.69146269264562,215,152,1.4144736842105263,OVERSTOCK,0,63,63.0,0.0,152.0,0.0
2017-08-07,18,HOME AND KITCHEN II,119,Quito,Pichincha,B,16,1.3045487286443769,155,143,1.083916083916084,BALANCED,0,0,0.0,0.0,155.0,0.0
2017-08-07,18,HOME APPLIANCES,4,Quito,Pichincha,B,16,1.6203291586004662,6,5,1.2,OVERSTOCK,0,1,1.0,0.0,5.0,0.0
2017-08-07,18,HOME CARE,1524,Quito,Pichincha,B,16,1.0087089547098291,1537,1829,0.8403499179879715,SHORTAGE,292,0,0.0,292.0,1829.0,0.0
2017-08-07,18,LADIESWEAR,69,Quito,Pichincha,B,16,1.1985803502377823,83,83,1.0,BALANCED,0,0,0.0,0.0,83.0,0.0
2017-08-07,18,LAWN AND GARDEN,15,Quito,Pichincha,B,16,1.2376932492054933,19,18,1.0555555555555556,BALANCED,0,0,0.0,0.0,19.0,0.0
2017-08-07,18,LINGERIE,44,Quito,Pichincha,B,16,0.7259756590752847,32,53,0.6037735849056604,SHORTAGE,21,0,0.0,0.0,32.0,21.0
2017-08-07,18,"LIQUOR,WINE,BEER",354,Quito,Pichincha,B,16,1.0782630080418487,382,425,0.8988235294117647,SHORTAGE,43,0,0.0,21.0,403.0,22.0
2017-08-07,18,MAGAZINES,9,Quito,Pichincha,B,16,1.7008052070620114,15,11,1.3636363636363635,OVERSTOCK,0,4,4.0,0.0,11.0,0.0
2017-08-07,18,MEATS,793,Quito,Pichincha,B,16,1.356998688437691,1076,952,1.1302521008403361,OVERSTOCK,0,124,124.0,0.0,952.0,0.0
2017-08-07,18,PERSONAL CARE,1351,Quito,Pichincha,B,16,0.813007898924361,1098,1621,0.6773596545342381,SHORTAGE,523,0,0.0,523.0,1621.0,0.0
2017-08-07,18,PET SUPPLIES,19,Quito,Pichincha,B,16,1.006626762731526,19,23,0.8260869565217391,SHORTAGE,4,0,0.0,0.0,19.0,4.0
2017-08-07,18,PLAYERS AND ELECTRONICS,44,Quito,Pichincha,B,16,0.8299236115952399,37,53,0.6981132075471698,SHORTAGE,16,0,0.0,16.0,53.0,0.0
2017-08-07,18,POULTRY,1453,Quito,Pichincha,B,16,0.629787758158287,915,1744,0.5246559633027523,SHORTAGE,829,0,0.0,829.0,1744.0,0.0
2017-08-07,18,PREPARED FOODS,356,Quito,Pichincha,B,16,1.7129525502048322,610,427,1.4285714285714286,OVERSTOCK,0,183,183.0,0.0,427.0,0.0
2017-08-07,18,PRODUCE,13068,Quito,Pichincha,B,16,1.1378487939082458,14869,15682,0.9481571228159673,BALANCED,813,0,0.0,813.0,15682.0,0.0
2017-08-07,18,SCHOOL AND OFFICE SUPPLIES,271,Quito,Pichincha,B,16,0.9690420869049434,263,325,0.8092307692307692,SHORTAGE,62,0,0.0,0.0,263.0,62.0
2017-08-07,18,SEAFOOD,86,Quito,Pichincha,B,16,1.318172629869284,113,103,1.0970873786407767,BALANCED,0,0,0.0,0.0,113.0,0.0
2017-08-07,19,AUTOMOTIVE,43,Guaranda,Bolivar,C,15,0.6087773475516187,26,52,0.5,SHORTAGE,26,0,0.0,26.0,52.0,0.0
2017-08-07,19,BABY CARE,3,Guaranda,Bolivar,C,15,0.9336265279209767,3,4,0.75,SHORTAGE,1,0,0.0,1.0,4.0,0.0
2017-08-07,19,BEAUTY,8,Guaranda,Bolivar,C,15,1.4436401588386711,12,10,1.2,OVERSTOCK,0,2,2.0,0.0,10.0,0.0
2017-08-07,19,BEVERAGES,17315,Guaranda,Bolivar,C,15,1.3605237276831157,23557,20778,1.1337472326499183,OVERSTOCK,0,2779,2779.0,0.0,20778.0,0.0
2017-08-07,19,BOOKS,3,Guaranda,Bolivar,C,15,1.7781671370510428,5,4,1.25,OVERSTOCK,0,1,0.0,0.0,5.0,0.0
2017-08-07,19,BREAD/BAKERY,1363,Guaranda,Bolivar,C,15,1.344429251589653,1832,1636,1.119804400977995,OVERSTOCK,0,196,196.0,0.0,1636.0,0.0
2017-08-07,19,CELEBRATION,31,Guaranda,Bolivar,C,15,1.1730070483532793,36,37,0.972972972972973,BALANCED,1,0,0.0,0.0,36.0,1.0
2017-08-07,19,CLEANING,6578,Guaranda,Bolivar,C,15,1.5137190758208092,9957,7894,1.2613377248543198,OVERSTOCK,0,2063,2063.0,0.0,7894.0,0.0
2017-08-07,19,DAIRY,2624,Guaranda,Bolivar,C,15,1.6839934463568638,4419,3149,1.4033026357573832,OVERSTOCK,0,1270,1270.0,0.0,3149.0,0.0
2017-08-07,19,DELI,2002,Guaranda,Bolivar,C,15,1.464835136062022,2933,2402,1.2210657785179018,OVERSTOCK,0,531,407.0,0.0,2526.0,0.0
2017-08-07,19,EGGS,403,Guaranda,Bolivar,C,15,1.7558534682592557,708,484,1.462809917355372,OVERSTOCK,0,224,224.0,0.0,484.0,0.0
2017-08-07,19,FROZEN FOODS,266,Guaranda,Bolivar,C,15,1.5384062048858127,409,319,1.2821316614420062,OVERSTOCK,0,90,0.0,0.0,409.0,0.0
2017-08-07,19,GROCERY I,22302,Guaranda,Bolivar,C,15,1.640161725914312,36579,26762,1.3668260967042822,OVERSTOCK,0,9817,8295.0,0.0,28284.0,0.0
2017-08-07,19,GROCERY II,141,Guaranda,Bolivar,C,15,0.7369248854203646,104,169,0.6153846153846154,SHORTAGE,65,0,0.0,0.0,104.0,65.0
2017-08-07,19,HARDWARE,9,Guaranda,Bolivar,C,15,1.4788962035925453,13,11,1.1818181818181819,OVERSTOCK,0,2,0.0,0.0,13.0,0.0
2017-08-07,19,HOME AND KITCHEN I,55,Guaranda,Bolivar,C,15,1.1281064394328424,62,66,0.9393939393939394,BALANCED,4,0,0.0,0.0,62.0,4.0
2017-08-07,19,HOME AND KITCHEN II,196,Guaranda,Bolivar,C,15,1.2637245628935303,248,235,1.0553191489361702,BALANCED,0,0,0.0,0.0,248.0,0.0
2017-08-07,19,HOME APPLIANCES,4,Guaranda,Bolivar,C,15,1.3849228913788283,6,5,1.2,OVERSTOCK,0,1,1.0,0.0,5.0,0.0
2017-08-07,19,HOME CARE,1393,Guaranda,Bolivar,C,15,1.7637781400466834,2457,1672,1.4694976076555024,OVERSTOCK,0,785,733.0,0.0,1724.0,0.0
2017-08-07,19,LADIESWEAR,52,Guaranda,Bolivar,C,15,1.7814936977179496,93,62,1.5,OVERSTOCK,0,31,3.0,0.0,90.0,0.0
2017-08-07,19,LAWN AND GARDEN,4,Guaranda,Bolivar,C,15,0.9458738945854863,4,5,0.8,SHORTAGE,1,0,0.0,1.0,5.0,0.0
2017-08-07,19,LINGERIE,27,Guaranda,Bolivar,C,15,1.4805041969254995,40,32,1.25,OVERSTOCK,0,8,8.0,0.0,32.0,0.0
2017-08-07,19,"LIQUOR,WINE,BEER",253,Guaranda,Bolivar,C,15,1.4999802455223223,379,304,1.2467105263157894,OVERSTOCK,0,75,75.0,0.0,304.0,0.0
2017-08-07,19,MAGAZINES,8,Guaranda,Bolivar,C,15,1.0157914335756586,8,10,0.8,SHORTAGE,2,0,0.0,0.0,8.0,2.0
2017-08-07,19,MEATS,1102,Guaranda,Bolivar,C,15,0.7486437298370652,825,1322,0.624054462934947,SHORTAGE,497,0,0.0,497.0,1322.0,0.0
2017-08-07,19,PERSONAL CARE,1431,Guaranda,Bolivar,C,15,0.6491363523428637,929,1717,0.5410599883517764,SHORTAGE,788,0,0.0,788.0,1717.0,0.0
2017-08-07,19,PET SUPPLIES,8,Guaranda,Bolivar,C,15,1.5328117530350145,12,10,1.2,OVERSTOCK,0,2,2.0,0.0,10.0,0.0
2017-08-07,19,PLAYERS AND ELECTRONICS,19,Guaranda,Bolivar,C,15,1.187639690180287,23,23,1.0,BALANCED,0,0,0.0,0.0,23.0,0.0
2017-08-07,19,POULTRY,953,Guaranda,Bolivar,C,15,1.7826482033939115,1699,1144,1.4851398601398602,OVERSTOCK,0,555,555.0,0.0,1144.0,0.0
2017-08-07,19,PREPARED FOODS,180,Guaranda,Bolivar,C,15,1.1579681474323837,208,216,0.9629629629629629,BALANCED,8,0,0.0,0.0,208.0,8.0
2017-08-07,19,PRODUCE,3190,Guaranda,Bolivar,C,15,1.7735003748886085,5657,3828,1.4777951933124347,OVERSTOCK,0,1829,0.0,0.0,5657.0,0.0
2017-08-07,19,SCHOOL AND OFFICE SUPPLIES,324,Guaranda,Bolivar,C,15,1.093891202632872,354,389,0.910025706940874,BALANCED,35,0,0.0,0.0,354.0,35.0
2017-08-07,19,SEAFOOD,6,Guaranda,Bolivar,C,15,1.5524185806719673,9,7,1.2857142857142858,OVERSTOCK,0,2,2.0,0.0,7.0,0.0
2017-08-07,20,AUTOMOTIVE,31,Quito,Pichincha,B,6,0.7017831267741985,22,37,0.5945945945945946,SHORTAGE,15,0,0.0,15.0,37.0,0.0
2017-08-07,20,BABY CARE,3,Quito,Pichincha,B,6,1.2665540521653167,4,4,1.0,BALANCED,0,0,0.0,0.0,4.0,0.0
2017-08-07,20,BEAUTY,12,Quito,Pichincha,B,6,1.5624717443828693,19,14,1.3571428571428572,OVERSTOCK,0,5,5.0,0.0,14.0,0.0
2017-08-07,20,BEVERAGES,25239,Quito,Pichincha,B,6,1.7096420006638666,43150,30287,1.4247036682404992,OVERSTOCK,0,12863,12863.0,0.0,30287.0,0.0
2017-08-07,20,BOOKS,3,Quito,Pichincha,B,6,1.587099708740918,5,4,1.25,OVERSTOCK,0,1,1.0,0.0,4.0,0.0
2017-08-07,20,BREAD/BAKERY,3631,Quito,Pichincha,B,6,0.6443648726414091,2340,4357,0.5370667890750517,SHORTAGE,2017,0,0.0,2017.0,4357.0,0.0
2017-08-07,20,CELEBRATION,43,Quito,Pichincha,B,6,1.047242809568081,45,52,0.8653846153846154,SHORTAGE,7,0,0.0,0.0,45.0,7.0
2017-08-07,20,CLEANING,14159,Quito,Pichincha,B,6,0.6584381667766215,9323,16991,0.5487022541345418,SHORTAGE,7668,0,0.0,7668.0,16991.0,0.0
2017-08-07,20,DAIRY,5326,Quito,Pichincha,B,6,0.7311387493374696,3894,6391,0.6092943201376936,SHORTAGE,2497,0,0.0,2497.0,6391.0,0.0
2017-08-07,20,DELI,4830,Quito,Pichincha,B,6,1.410366754400981,6812,5796,1.1752933057280883,OVERSTOCK,0,1016,1016.0,0.0,5796.0,0.0
2017-08-07,20,EGGS,733,Quito,Pichincha,B,6,1.4559098355740379,1067,880,1.2125,OVERSTOCK,0,187,187.0,0.0,880.0,0.0
2017-08-07,20,FROZEN FOODS,690,Quito,Pichincha,B,6,1.5284648193019517,1055,828,1.2741545893719808,OVERSTOCK,0,227,0.0,0.0,1055.0,0.0
2017-08-07,20,GROCERY I,34339,Quito,Pichincha,B,6,1.6385478576667956,56266,41207,1.3654476181231343,OVERSTOCK,0,15059,11843.0,0.0,44423.0,0.0
2017-08-07,20,GROCERY II,56,Quito,Pichincha,B,6,1.4873177621718119,83,67,1.2388059701492538,OVERSTOCK,0,16,16.0,0.0,67.0,0.0
2017-08-07,20,HARDWARE,4,Quito,Pichincha,B,6,1.5610459105279586,6,5,1.2,OVERSTOCK,0,1,0.0,0.0,6.0,0.0
2017-08-07,20,HOME AND KITCHEN I,163,Quito,Pichincha,B,6,0.6587564517879351,107,196,0.5459183673469388,SHORTAGE,89,0,0.0,89.0,196.0,0.0
2017-08-07,20,HOME AND KITCHEN II,119,Quito,Pichincha,B,6,0.8814421805295584,105,143,0.7342657342657343,SHORTAGE,38,0,0.0,38.0,143.0,0.0
2017-08-07,20,HOME APPLIANCES,4,Quito,Pichincha,B,6,1.346277328050295,5,5,1.0,BALANCED,0,0,0.0,0.0,5.0,0.0
2017-08-07,20,HOME CARE,2496,Quito,Pichincha,B,6,1.629750365549788,4068,2995,1.358263772954925,OVERSTOCK,0,1073,1073.0,0.0,2995.0,0.0
2017-08-07,20,LADIESWEAR,11,Quito,Pichincha,B,6,0.605400149927591,7,13,0.5384615384615384,SHORTAGE,6,0,0.0,6.0,13.0,0.0
2017-08-07,20,LAWN AND GARDEN,31,Quito,Pichincha,B,6,1.21755521053962,38,37,1.027027027027027,BALANCED,0,0,0.0,0.0,38.0,0.0
2017-08-07,20,LINGERIE,19,Quito,Pichincha,B,6,1.4127448792372768,27,23,1.173913043478261,OVERSTOCK,0,4,4.0,0.0,23.0,0.0
2017-08-07,20,"LIQUOR,WINE,BEER",370,Quito,Pichincha,B,6,0.6355287469543358,235,444,0.5292792792792793,SHORTAGE,209,0,0.0,209.0,444.0,0.0
2017-08-07,20,MAGAZINES,4,Quito,Pichincha,B,6,1.0816266690640655,4,5,0.8,SHORTAGE,1,0,0.0,0.0,4.0,1.0
2017-08-07,20,MEATS,2683,Quito,Pichincha,B,6,1.6747618576604364,4493,3220,1.3953416149068323,OVERSTOCK,0,1273,1273.0,0.0,3220.0,0.0
2017-08-07,20,PERSONAL CARE,2806,Quito,Pichincha,B,6,1.4059353706270306,3945,3367,1.1716661716661716,OVERSTOCK,0,578,578.0,0.0,3367.0,0.0
2017-08-07,20,PET SUPPLIES,22,Quito,Pichincha,B,6,0.8851900360327168,19,26,0.7307692307692307,SHORTAGE,7,0,0.0,0.0,19.0,7.0
2017-08-07,20,PLAYERS AND ELECTRONICS,23,Quito,Pichincha,B,6,1.6233373555582953,37,28,1.3214285714285714,OVERSTOCK,0,9,0.0,0.0,37.0,0.0
2017-08-07,20,POULTRY,2640,Quito,Pichincha,B,6,1.0176377080914172,2687,3168,0.8481691919191919,SHORTAGE,481,0,0.0,481.0,3168.0,0.0
2017-08-07,20,PREPARED FOODS,503,Quito,Pichincha,B,6,1.6240136053728715,817,604,1.3526490066225165,OVERSTOCK,0,213,213.0,0.0,604.0,0.0
2017-08-07,20,PRODUCE,7560,Quito,Pichincha,B,6,0.9587323813426867,7248,9072,0.798941798941799,SHORTAGE,1824,0,0.0,1824.0,9072.0,0.0
2017-08-07,20,SCHOOL AND OFFICE SUPPLIES,165,Quito,Pichincha,B,6,1.3083843010597789,216,198,1.0909090909090908,BALANCED,0,0,0.0,0.0,216.0,0.0
2017-08-07,20,SEAFOOD,90,Quito,Pichincha,B,6,1.076328081297401,97,108,0.8981481481481481,SHORTAGE,11,0,0.0,0.0,97.0,11.0
2017-08-07,21,AUTOMOTIVE,64,Santo Domingo,Santo Domingo de los Tsachilas,B,6,0.9297900609060804,60,77,0.7792207792207793,SHORTAGE,17,0,0.0,17.0,77.0,0.0
2017-08-07,21,BABY CARE,3,Santo Domingo,Santo Domingo de los Tsachilas,B,6,1.6638690746062432,5,4,1.25,OVERSTOCK,0,1,1.0,0.0,4.0,0.0
2017-08-07,21,BEAUTY,8,Santo Domingo,Santo Domingo de los Tsachilas,B,6,0.8251124183273896,7,10,0.7,SHORTAGE,3,0,0.0,0.0,7.0,3.0
2017-08-07,21,BEVERAGES,21630,Santo Domingo,Santo Domingo de los Tsachilas,B,6,0.7017739094829157,15179,25956,0.5847973493604561,SHORTAGE,10777,0,0.0,10777.0,25956.0,0.0
2017-08-07,21,BOOKS,3,Santo Domingo,Santo Domingo de los Tsachilas,B,6,1.0103123262547924,3,4,0.75,SHORTAGE,1,0,0.0,1.0,4.0,0.0
2017-08-07,21,BREAD/BAKERY,3247,Santo Domingo,Santo Domingo de los Tsachilas,B,6,1.4611669771698812,4744,3896,1.217659137577002,OVERSTOCK,0,848,848.0,0.0,3896.0,0.0
2017-08-07,21,CELEBRATION,21,Santo Domingo,Santo Domingo de los Tsachilas,B,6,1.568917927171538,33,25,1.32,OVERSTOCK,0,8,8.0,0.0,25.0,0.0
2017-08-07,21,CLEANING,12048,Santo Domingo,Santo Domingo de los Tsachilas,B,6,1.798492044080118,21668,14458,1.498685848665099,OVERSTOCK,0,7210,7210.0,0.0,14458.0,0.0
2017-08-07,21,DAIRY,4422,Santo Domingo,Santo Domingo de los Tsachilas,B,6,0.9556344684133979,4226,5306,0.7964568413117226,SHORTAGE,1080,0,0.0,0.0,4226.0,1080.0
2017-08-07,21,DELI,2390,Santo Domingo,Santo Domingo de los Tsachilas,B,6,1.0895303413575386,2604,2868,0.9079497907949791,BALANCED,264,0,0.0,264.0,2868.0,0.0
2017-08-07,21,EGGS,1867,Santo Domingo,Santo Domingo de los Tsachilas,B,6,0.7641855336355515,1427,2240,0.6370535714285714,SHORTAGE,813,0,0.0,813.0,2240.0,0.0
2017-08-07,21,FROZEN FOODS,647,Santo Domingo,Santo Domingo de los Tsachilas,B,6,1.2898463155476403,835,776,1.0760309278350515,BALANCED,0,0,0.0,0.0,835.0,0.0
2017-08-07,21,GROCERY I,28298,Santo Domingo,Santo Domingo de los Tsachilas,B,6,1.7970960447155009,50854,33958,1.4975558042287531,OVERSTOCK,0,16896,13272.0,0.0,37582.0,0.0
2017-08-07,21,GROCERY II,119,Santo Domingo,Santo Domingo de los Tsachilas,B,6,1.4410572121447902,171,143,1.1958041958041958,OVERSTOCK,0,28,28.0,0.0,143.0,0.0
2017-08-07,21,HARDWARE,4,Santo Domingo,Santo Domingo de los Tsachilas,B,6,1.3142554084960463,5,5,1.0,BALANCED,0,0,0.0,0.0,5.0,0.0
2017-08-07,21,HOME AND KITCHEN I,254,Santo Domingo,Santo Domingo de los Tsachilas,B,6,1.0708429115061529,272,305,0.8918032786885246,SHORTAGE,33,0,0.0,0.0,272.0,33.0
2017-08-07,21,HOME AND KITCHEN II,199,Santo Domingo,Santo Domingo de los Tsachilas,B,6,1.6983585123426659,338,239,1.4142259414225942,OVERSTOCK,0,99,52.0,0.0,286.0,0.0
2017-08-07,21,HOME APPLIANCES,4,Santo Domingo,Santo Domingo de los Tsachilas,B,6,1.1962999153564193,5,5,1.0,BALANCED,0,0,0.0,0.0,5.0,0.0
2017-08-07,21,HOME CARE,2519,Santo Domingo,Santo Domingo de los Tsachilas,B,6,0.7612402959756738,1918,3023,0.6344690704598082,SHORTAGE,1105,0,0.0,1105.0,3023.0,0.0
2017-08-07,21,LADIESWEAR,27,Santo Domingo,Santo Domingo de los Tsachilas,B,6,1.0384541558389602,28,32,0.875,SHORTAGE,4,0,0.0,4.0,32.0,0.0
2017-08-07,21,LAWN AND GARDEN,6,Santo Domingo,Santo Domingo de los Tsachilas,B,6,0.6806000026173202,4,7,0.5714285714285714,SHORTAGE,3,0,0.0,3.0,7.0,0.0
2017-08-07,21,LINGERIE,88,Santo Domingo,Santo Domingo de los Tsachilas,B,6,0.8423748452265379,74,106,0.6981132075471698,SHORTAGE,32,0,0.0,0.0,74.0,32.0
2017-08-07,21,"LIQUOR,WINE,BEER",732,Santo Domingo,Santo Domingo de los Tsachilas,B,6,0.6212025371998946,455,878,0.5182232346241458,SHORTAGE,423,0,0.0,423.0,878.0,0.0
2017-08-07,21,MAGAZINES,4,Santo Domingo,Santo Domingo de los Tsachilas,B,6,1.143935899800196,5,5,1.0,BALANCED,0,0,0.0,0.0,5.0,0.0
2017-08-07,21,MEATS,819,Santo Domingo,Santo Domingo de los Tsachilas,B,6,1.3614483179421566,1115,983,1.1342828077314344,OVERSTOCK,0,132,132.0,0.0,983.0,0.0
2017-08-07,21,PERSONAL CARE,2170,Santo Domingo,Santo Domingo de los Tsachilas,B,6,1.0119509548546894,2196,2604,0.8433179723502304,SHORTAGE,408,0,0.0,408.0,2604.0,0.0
2017-08-07,21,PET SUPPLIES,12,Santo Domingo,Santo Domingo de los Tsachilas,B,6,1.1044581258063326,13,14,0.9285714285714286,BALANCED,1,0,0.0,0.0,13.0,1.0
2017-08-07,21,PLAYERS AND ELECTRONICS,19,Santo Domingo,Santo Domingo de los Tsachilas,B,6,1.7510511274134912,33,23,1.434782608695652,OVERSTOCK,0,10,0.0,0.0,33.0,0.0
2017-08-07,21,POULTRY,1337,Santo Domingo,Santo Domingo de los Tsachilas,B,6,1.5023557458898988,2009,1604,1.2524937655860349,OVERSTOCK,0,405,405.0,0.0,1604.0,0.0
2017-08-07,21,PREPARED FOODS,1078,Santo Domingo,Santo Domingo de los Tsachilas,B,6,1.2490279643339415,1346,1294,1.0401854714064915,BALANCED,0,0,0.0,0.0,1346.0,0.0
2017-08-07,21,PRODUCE,9568,Santo Domingo,Santo Domingo de los Tsachilas,B,6,0.9414490501341903,9008,11482,0.7845323114439993,SHORTAGE,2474,0,0.0,2474.0,11482.0,0.0
2017-08-07,21,SCHOOL AND OFFICE SUPPLIES,6,Santo Domingo,Santo Domingo de los Tsachilas,B,6,1.6763961585275944,10,7,1.4285714285714286,OVERSTOCK,0,3,3.0,0.0,7.0,0.0
2017-08-07,21,SEAFOOD,31,Santo Domingo,Santo Domingo de los Tsachilas,B,6,0.8821165402567914,27,37,0.7297297297297297,SHORTAGE,10,0,0.0,0.0,27.0,10.0
2017-08-07,22,AUTOMOTIVE,26,Puyo,Pastaza,C,7,0.9904112766200125,26,31,0.8387096774193549,SHORTAGE,5,0,0.0,0.0,26.0,5.0
2017-08-07,22,BABY CARE,3,Puyo,Pastaza,C,7,1.6908777773075383,5,4,1.25,OVERSTOCK,0,1,0.0,0.0,5.0,0.0
2017-08-07,22,BEAUTY,0,Puyo,Pastaza,C,7,1.2354504663420869,0,0,0.0,SHORTAGE,0,0,0.0,0.0,0.0,0.0
2017-08-07,22,BEVERAGES,11946,Puyo,Pastaza,C,7,1.4907815393015722,17809,14335,1.2423439134984304,OVERSTOCK,0,3474,3474.0,0.0,14335.0,0.0
2017-08-07,22,BOOKS,3,Puyo,Pastaza,C,7,1.3088937529965194,4,4,1.0,BALANCED,0,0,0.0,0.0,4.0,0.0
2017-08-07,22,BREAD/BAKERY,1122,Puyo,Pastaza,C,7,1.3841270508113943,1553,1346,1.1537890044576522,OVERSTOCK,0,207,207.0,0.0,1346.0,0.0
2017-08-07,22,CELEBRATION,36,Puyo,Pastaza,C,7,0.9592599498177907,35,43,0.813953488372093,SHORTAGE,8,0,0.0,0.0,35.0,8.0
2017-08-07,22,CLEANING,5454,Puyo,Pastaza,C,7,0.8896464739519955,4852,6545,0.7413292589763179,SHORTAGE,1693,0,0.0,0.0,4852.0,1693.0
2017-08-07,22,DAIRY,2435,Puyo,Pastaza,C,7,0.9869908166023984,2403,2922,0.8223819301848049,SHORTAGE,519,0,0.0,0.0,2403.0,519.0
2017-08-07,22,DELI,1020,Puyo,Pastaza,C,7,0.786529876900107,802,1224,0.6552287581699346,SHORTAGE,422,0,0.0,422.0,1224.0,0.0
2017-08-07,22,EGGS,435,Puyo,Pastaza,C,7,1.6491772383489691,717,522,1.3735632183908046,OVERSTOCK,0,195,195.0,0.0,522.0,0.0
2017-08-07,22,FROZEN FOODS,368,Puyo,Pastaza,C,7,0.9398963199001369,346,442,0.7828054298642534,SHORTAGE,96,0,0.0,96.0,442.0,0.0
2017-08-07,22,GROCERY I,17280,Puyo,Pastaza,C,7,1.2737872732972617,22011,20736,1.0614872685185186,BALANCED,0,0,0.0,0.0,22011.0,0.0
2017-08-07,22,GROCERY II,31,Puyo,Pastaza,C,7,1.550369310169649,48,37,1.2972972972972974,OVERSTOCK,0,11,11.0,0.0,37.0,0.0
2017-08-07,22,HARDWARE,6,Puyo,Pastaza,C,7,1.5405889312508565,9,7,1.2857142857142858,OVERSTOCK,0,2,0.0,0.0,9.0,0.0
2017-08-07,22,HOME AND KITCHEN I,131,Puyo,Pastaza,C,7,1.1260635103010315,148,157,0.9426751592356688,BALANCED,9,0,0.0,0.0,148.0,9.0
2017-08-07,22,HOME AND KITCHEN II,86,Puyo,Pastaza,C,7,1.1715087703040707,101,103,0.9805825242718447,BALANCED,2,0,0.0,2.0,103.0,0.0
2017-08-07,22,HOME APPLIANCES,4,Puyo,Pastaza,C,7,1.7936420987220298,7,5,1.4,OVERSTOCK,0,2,2.0,0.0,5.0,0.0
2017-08-07,22,HOME CARE,1327,Puyo,Pastaza,C,7,1.4095169723748289,1870,1592,1.1746231155778895,OVERSTOCK,0,278,216.0,0.0,1654.0,0.0
2017-08-07,22,LADIESWEAR,4,Puyo,Pastaza,C,7,1.5775661317414593,6,5,1.2,OVERSTOCK,0,1,0.0,0.0,6.0,0.0
2017-08-07,22,LAWN AND GARDEN,4,Puyo,Pastaza,C,7,1.6830647630630784,7,5,1.4,OVERSTOCK,0,2,0.0,0.0,7.0,0.0
2017-08-07,22,LINGERIE,13,Puyo,Pastaza,C,7,1.5451078034752073,20,16,1.25,OVERSTOCK,0,4,4.0,0.0,16.0,0.0
2017-08-07,22,"LIQUOR,WINE,BEER",430,Puyo,Pastaza,C,7,0.8222152139442811,354,516,0.686046511627907,SHORTAGE,162,0,0.0,162.0,516.0,0.0
2017-08-07,22,MAGAZINES,12,Puyo,Pastaza,C,7,1.2746048804850867,15,14,1.0714285714285714,BALANCED,0,0,0.0,0.0,15.0,0.0
2017-08-07,22,MEATS,777,Puyo,Pastaza,C,7,0.7222729887774538,561,932,0.601931330472103,SHORTAGE,371,0,0.0,0.0,561.0,371.0
2017-08-07,22,PERSONAL CARE,1261,Puyo,Pastaza,C,7,1.3835065518767982,1745,1513,1.153337739590218,OVERSTOCK,0,232,0.0,0.0,1745.0,0.0
2017-08-07,22,PET SUPPLIES,8,Puyo,Pastaza,C,7,1.7464193138253734,14,10,1.4,OVERSTOCK,0,4,4.0,0.0,10.0,0.0
2017-08-07,22,PLAYERS AND ELECTRONICS,44,Puyo,Pastaza,C,7,1.2152784771601337,53,53,1.0,BALANCED,0,0,0.0,0.0,53.0,0.0
2017-08-07,22,POULTRY,948,Puyo,Pastaza,C,7,1.1195669914413207,1061,1138,0.9323374340949033,BALANCED,77,0,0.0,0.0,1061.0,77.0
2017-08-07,22,PREPARED FOODS,167,Puyo,Pastaza,C,7,0.6430113017017958,107,200,0.535,SHORTAGE,93,0,0.0,93.0,200.0,0.0
2017-08-07,22,PRODUCE,3474,Puyo,Pastaza,C,7,1.7517294267950645,6086,4169,1.4598224994003357,OVERSTOCK,0,1917,0.0,0.0,6086.0,0.0
2017-08-07,22,SCHOOL AND OFFICE SUPPLIES,78,Puyo,Pastaza,C,7,0.7236032209561906,56,94,0.5957446808510638,SHORTAGE,38,0,0.0,0.0,56.0,38.0
2017-08-07,22,SEAFOOD,9,Puyo,Pastaza,C,7,0.6492949119658163,6,11,0.5454545454545454,SHORTAGE,5,0,0.0,0.0,6.0,5.0
2017-08-07,23,AUTOMOTIVE,12,Ambato,Tungurahua,D,9,0.8952799338059262,11,14,0.7857142857142857,SHORTAGE,3,0,0.0,0.0,11.0,3.0
2017-08-07,23,BABY CARE,3,Ambato,Tungurahua,D,9,0.6786365207020589,2,4,0.5,SHORTAGE,2,0,0.0,2.0,4.0,0.0
2017-08-07,23,BEAUTY,4,Ambato,Tungurahua,D,9,1.1461414108941148,5,5,1.0,BALANCED,0,0,0.0,0.0,5.0,0.0
2017-08-07,23,BEVERAGES,10267,Ambato,Tungurahua,D,9,1.219305361508535,12519,12320,1.0161525974025973,BALANCED,0,0,0.0,0.0,12519.0,0.0
2017-08-07,23,BOOKS,3,Ambato,Tungurahua,D,9,0.9750839388343008,3,4,0.75,SHORTAGE,1,0,0.0,1.0,4.0,0.0
2017-08-07,23,BREAD/BAKERY,1793,Ambato,Tungurahua,D,9,0.6611525790898632,1185,2152,0.5506505576208178,SHORTAGE,967,0,0.0,967.0,2152.0,0.0
2017-08-07,23,CELEBRATION,50,Ambato,Tungurahua,D,9,0.733920441899072,37,60,0.6166666666666667,SHORTAGE,23,0,0.0,0.0,37.0,23.0
2017-08-07,23,CLEANING,3600,Ambato,Tungurahua,D,9,1.0614052535879137,3821,4320,0.8844907407407407,SHORTAGE,499,0,0.0,0.0,3821.0,499.0
2017-08-07,23,DAIRY,3321,Ambato,Tungurahua,D,9,0.6726341409918434,2234,3985,0.5606022584692597,SHORTAGE,1751,0,0.0,513.0,2747.0,1238.0
2017-08-07,23,DELI,868,Ambato,Tungurahua,D,9,1.4378276707318962,1248,1042,1.1976967370441458,OVERSTOCK,0,206,206.0,0.0,1042.0,0.0
2017-08-07,23,EGGS,282,Ambato,Tungurahua,D,9,0.8484246498297744,239,338,0.7071005917159763,SHORTAGE,99,0,0.0,0.0,239.0,99.0
2017-08-07,23,FROZEN FOODS,457,Ambato,Tungurahua,D,9,0.9624858825403663,440,548,0.8029197080291971,SHORTAGE,108,0,0.0,108.0,548.0,0.0
2017-08-07,23,GROCERY I,13979,Ambato,Tungurahua,D,9,1.072950932613717,14999,16775,0.8941281669150521,SHORTAGE,1776,0,0.0,1776.0,16775.0,0.0
2017-08-07,23,GROCERY II,157,Ambato,Tungurahua,D,9,1.0999315596829775,173,188,0.9202127659574468,BALANCED,15,0,0.0,0.0,173.0,15.0
2017-08-07,23,HARDWARE,4,Ambato,Tungurahua,D,9,0.6019928492097606,2,5,0.4,SHORTAGE,3,0,0.0,3.0,5.0,0.0
2017-08-07,23,HOME AND KITCHEN I,43,Ambato,Tungurahua,D,9,0.734484445198437,32,52,0.6153846153846154,SHORTAGE,20,0,0.0,0.0,32.0,20.0
2017-08-07,23,HOME AND KITCHEN II,185,Ambato,Tungurahua,D,9,1.635317476489054,303,222,1.364864864864865,OVERSTOCK,0,81,2.0,0.0,301.0,0.0
2017-08-07,23,HOME APPLIANCES,4,Ambato,Tungurahua,D,9,0.6014796750142898,2,5,0.4,SHORTAGE,3,0,0.0,3.0,5.0,0.0
2017-08-07,23,HOME CARE,893,Ambato,Tungurahua,D,9,1.20980082697545,1080,1072,1.007462686567164,BALANCED,0,0,0.0,0.0,1080.0,0.0
2017-08-07,23,LADIESWEAR,76,Ambato,Tungurahua,D,9,1.1874024078086498,90,91,0.989010989010989,BALANCED,1,0,0.0,1.0,91.0,0.0
2017-08-07,23,LAWN AND GARDEN,9,Ambato,Tungurahua,D,9,0.9997129932127654,9,11,0.8181818181818182,SHORTAGE,2,0,0.0,2.0,11.0,0.0
2017-08-07,23,LINGERIE,13,Ambato,Tungurahua,D,9,1.1175924241757396,15,16,0.9375,BALANCED,1,0,0.0,0.0,15.0,1.0
2017-08-07,23,"LIQUOR,WINE,BEER",320,Ambato,Tungurahua,D,9,1.5366973650319014,492,384,1.28125,OVERSTOCK,0,108,108.0,0.0,384.0,0.0
2017-08-07,23,MAGAZINES,23,Ambato,Tungurahua,D,9,1.609444447457948,37,28,1.3214285714285714,OVERSTOCK,0,9,9.0,0.0,28.0,0.0
2017-08-07,23,MEATS,4256,Ambato,Tungurahua,D,9,0.9124182520983001,3883,5107,0.7603289602506363,SHORTAGE,1224,0,0.0,1224.0,5107.0,0.0
2017-08-07,23,PERSONAL CARE,985,Ambato,Tungurahua,D,9,0.9869885291612759,972,1182,0.8223350253807107,SHORTAGE,210,0,0.0,210.0,1182.0,0.0
2017-08-07,23,PET SUPPLIES,22,Ambato,Tungurahua,D,9,0.8909794236339993,20,26,0.7692307692307693,SHORTAGE,6,0,0.0,0.0,20.0,6.0
2017-08-07,23,PLAYERS AND ELECTRONICS,23,Ambato,Tungurahua,D,9,1.1758360806612782,27,28,0.9642857142857143,BALANCED,1,0,0.0,1.0,28.0,0.0
2017-08-07,23,POULTRY,2277,Ambato,Tungurahua,D,9,1.4199100291905755,3233,2732,1.1833821376281113,OVERSTOCK,0,501,501.0,0.0,2732.0,0.0
2017-08-07,23,PREPARED FOODS,202,Ambato,Tungurahua,D,9,0.8739034505561046,177,242,0.731404958677686,SHORTAGE,65,0,0.0,65.0,242.0,0.0
2017-08-07,23,PRODUCE,8492,Ambato,Tungurahua,D,9,0.99688289046584,8466,10190,0.8308145240431796,SHORTAGE,1724,0,0.0,1724.0,10190.0,0.0
2017-08-07,23,SCHOOL AND OFFICE SUPPLIES,4,Ambato,Tungurahua,D,9,1.7164615411069808,7,5,1.4,OVERSTOCK,0,2,2.0,0.0,5.0,0.0
2017-08-07,23,SEAFOOD,31,Ambato,Tungurahua,D,9,0.6582831478163497,20,37,0.5405405405405406,SHORTAGE,17,0,0.0,0.0,20.0,17.0
2017-08-07,24,AUTOMOTIVE,12,Guayaquil,Guayas,D,1,1.1529235262874795,14,14,1.0,BALANCED,0,0,0.0,0.0,14.0,0.0
2017-08-07,24,BABY CARE,3,Guayaquil,Guayas,D,1,1.4538696499161334,4,4,1.0,BALANCED,0,0,0.0,0.0,4.0,0.0
2017-08-07,24,BEAUTY,23,Guayaquil,Guayas,D,1,0.7805448138689689,18,28,0.6428571428571429,SHORTAGE,10,0,0.0,0.0,18.0,10.0
2017-08-07,24,BEVERAGES,23636,Guayaquil,Guayas,D,1,0.6568488240065782,15525,28363,0.547368049924197,SHORTAGE,12838,0,0.0,12838.0,28363.0,0.0
2017-08-07,24,BOOKS,3,Guayaquil,Guayas,D,1,0.7658464459662369,2,4,0.5,SHORTAGE,2,0,0.0,2.0,4.0,0.0
2017-08-07,24,BREAD/BAKERY,5429,Guayaquil,Guayas,D,1,1.7025878322368195,9243,6515,1.4187260168841136,OVERSTOCK,0,2728,2728.0,0.0,6515.0,0.0
2017-08-07,24,CELEBRATION,131,Guayaquil,Guayas,D,1,0.611111738185348,80,157,0.5095541401273885,SHORTAGE,77,0,0.0,77.0,157.0,0.0
2017-08-07,24,CLEANING,7837,Guayaquil,Guayas,D,1,0.8259863697736222,6473,9404,0.6883241173968524,SHORTAGE,2931,0,0.0,0.0,6473.0,2931.0
2017-08-07,24,DAIRY,9381,Guayaquil,Guayas,D,1,0.6375402154819735,5981,11257,0.5313138491605224,SHORTAGE,5276,0,0.0,5276.0,11257.0,0.0
2017-08-07,24,DELI,1956,Guayaquil,Guayas,D,1,0.7327553610746439,1433,2347,0.6105666808691947,SHORTAGE,914,0,0.0,914.0,2347.0,0.0
2017-08-07,24,EGGS,1598,Guayaquil,Guayas,D,1,1.3441791439539557,2148,1918,1.1199165797705943,OVERSTOCK,0,230,230.0,0.0,1918.0,0.0
2017-08-07,24,FROZEN FOODS,1238,Guayaquil,Guayas,D,1,0.8899666904869029,1102,1486,0.7415881561238223,SHORTAGE,384,0,0.0,384.0,1486.0,0.0
2017-08-07,24,GROCERY I,28089,Guayaquil,Guayas,D,1,1.2830544605168122,36040,33707,1.069214109828819,BALANCED,0,0,0.0,0.0,36040.0,0.0
2017-08-07,24,GROCERY II,267,Guayaquil,Guayas,D,1,1.3082344593193516,349,320,1.090625,BALANCED,0,0,0.0,0.0,349.0,0.0
2017-08-07,24,HARDWARE,4,Guayaquil,Guayas,D,1,1.619322399707735,6,5,1.2,OVERSTOCK,0,1,0.0,0.0,6.0,0.0
2017-08-07,24,HOME AND KITCHEN I,131,Guayaquil,Guayas,D,1,0.6056896714942487,79,157,0.5031847133757962,SHORTAGE,78,0,0.0,78.0,157.0,0.0
2017-08-07,24,HOME AND KITCHEN II,210,Guayaquil,Guayas,D,1,1.6240433512108403,341,252,1.3531746031746033,OVERSTOCK,0,89,37.0,0.0,304.0,0.0
2017-08-07,24,HOME APPLIANCES,4,Guayaquil,Guayas,D,1,1.3429429037123688,5,5,1.0,BALANCED,0,0,0.0,0.0,5.0,0.0
2017-08-07,24,HOME CARE,1901,Guayaquil,Guayas,D,1,0.7952921833259491,1512,2281,0.6628671635247698,SHORTAGE,769,0,0.0,769.0,2281.0,0.0
2017-08-07,24,LADIESWEAR,103,Guayaquil,Guayas,D,1,1.527524865762341,157,124,1.2661290322580645,OVERSTOCK,0,33,13.0,0.0,144.0,0.0
2017-08-07,24,LAWN AND GARDEN,234,Guayaquil,Guayas,D,1,1.626589850148703,381,281,1.3558718861209964,OVERSTOCK,0,100,83.0,0.0,298.0,0.0
2017-08-07,24,LINGERIE,69,Guayaquil,Guayas,D,1,0.9051161805049888,62,83,0.7469879518072289,SHORTAGE,21,0,0.0,0.0,62.0,21.0
2017-08-07,24,"LIQUOR,WINE,BEER",690,Guayaquil,Guayas,D,1,1.7025524170832171,1175,828,1.4190821256038648,OVERSTOCK,0,347,347.0,0.0,828.0,0.0
2017-08-07,24,MAGAZINES,72,Guayaquil,Guayas,D,1,1.1453489163583894,82,86,0.9534883720930233,BALANCED,4,0,0.0,0.0,82.0,4.0
2017-08-07,24,MEATS,2962,Guayaquil,Guayas,D,1,1.324109345199986,3922,3554,1.1035453010692178,OVERSTOCK,0,368,368.0,0.0,3554.0,0.0
2017-08-07,24,PERSONAL CARE,2003,Guayaquil,Guayas,D,1,1.7815794403411724,3569,2404,1.4846089850249584,OVERSTOCK,0,1165,1165.0,0.0,2404.0,0.0
2017-08-07,24,PET SUPPLIES,114,Guayaquil,Guayas,D,1,1.0338432943670393,118,137,0.8613138686131386,SHORTAGE,19,0,0.0,0.0,118.0,19.0
2017-08-07,24,PLAYERS AND ELECTRONICS,44,Guayaquil,Guayas,D,1,1.5757912149841355,69,53,1.3018867924528301,OVERSTOCK,0,16,16.0,0.0,53.0,0.0
2017-08-07,24,POULTRY,3746,Guayaquil,Guayas,D,1,0.9820789413941516,3679,4495,0.8184649610678532,SHORTAGE,816,0,0.0,816.0,4495.0,0.0
2017-08-07,24,PREPARED FOODS,805,Guayaquil,Guayas,D,1,1.5590562266897894,1255,966,1.2991718426501035,OVERSTOCK,0,289,289.0,0.0,966.0,0.0
2017-08-07,24,PRODUCE,24391,Guayaquil,Guayas,D,1,1.320880702635171,32218,29269,1.100755065085927,OVERSTOCK,0,2949,0.0,0.0,32218.0,0.0
2017-08-07,24,SCHOOL AND OFFICE SUPPLIES,4,Guayaquil,Guayas,D,1,0.8596268342704817,3,5,0.6,SHORTAGE,2,0,0.0,0.0,3.0,2.0
2017-08-07,24,SEAFOOD,144,Guayaquil,Guayas,D,1,1.0968313125470837,158,173,0.9132947976878613,BALANCED,15,0,0.0,0.0,158.0,15.0
2017-08-07,25,AUTOMOTIVE,18,Salinas,Santa Elena,D,1,0.9811627612362741,18,22,0.8181818181818182,SHORTAGE,4,0,0.0,0.0,18.0,4.0
2017-08-07,25,BABY CARE,3,Salinas,Santa Elena,D,1,0.6937300716964366,2,4,0.5,SHORTAGE,2,0,0.0,2.0,4.0,0.0
2017-08-07,25,BEAUTY,18,Salinas,Santa Elena,D,1,0.635801724119637,11,22,0.5,SHORTAGE,11,0,0.0,0.0,11.0,11.0
2017-08-07,25,BEVERAGES,18992,Salinas,Santa Elena,D,1,1.015774386488617,19292,22790,0.8465116279069768,SHORTAGE,3498,0,0.0,354.0,19646.0,3144.0
2017-08-07,25,BOOKS,3,Salinas,Santa Elena,D,1,0.6228409773809839,2,4,0.5,SHORTAGE,2,0,0.0,2.0,4.0,0.0
2017-08-07,25,BREAD/BAKERY,2830,Salinas,Santa Elena,D,1,0.7985853090981301,2260,3396,0.6654888103651354,SHORTAGE,1136,0,0.0,1136.0,3396.0,0.0
2017-08-07,25,CELEBRATION,31,Salinas,Santa Elena,D,1,1.4702199850210427,46,37,1.2432432432432432,OVERSTOCK,0,9,9.0,0.0,37.0,0.0
2017-08-07,25,CLEANING,3371,Salinas,Santa Elena,D,1,1.4497094828203057,4887,4045,1.2081582200247218,OVERSTOCK,0,842,842.0,0.0,4045.0,0.0
2017-08-07,25,DAIRY,4337,Salinas,Santa Elena,D,1,1.4862964637488594,6446,5204,1.238662567255957,OVERSTOCK,0,1242,1242.0,0.0,5204.0,0.0
2017-08-07,25,DELI,1106,Salinas,Santa Elena,D,1,0.9805838053559746,1085,1327,0.8176337603617182,SHORTAGE,242,0,0.0,242.0,1327.0,0.0
2017-08-07,25,EGGS,795,Salinas,Santa Elena,D,1,1.6680233485412348,1326,954,1.389937106918239,OVERSTOCK,0,372,372.0,0.0,954.0,0.0
2017-08-07,25,FROZEN FOODS,641,Salinas,Santa Elena,D,1,1.3125966576341372,841,769,1.093628088426528,BALANCED,0,0,0.0,0.0,841.0,0.0
2017-08-07,25,GROCERY I,13375,Salinas,Santa Elena,D,1,0.7512316100959519,10048,16050,0.6260436137071651,SHORTAGE,6002,0,0.0,6002.0,16050.0,0.0
2017-08-07,25,GROCERY II,132,Salinas,Santa Elena,D,1,0.7724623937466409,102,158,0.6455696202531646,SHORTAGE,56,0,0.0,0.0,102.0,56.0
2017-08-07,25,HARDWARE,7,Salinas,Santa Elena,D,1,1.4317145123156418,10,8,1.25,OVERSTOCK,0,2,0.0,0.0,10.0,0.0
2017-08-07,25,HOME AND KITCHEN I,60,Salinas,Santa Elena,D,1,0.8075327237304937,48,72,0.6666666666666666,SHORTAGE,24,0,0.0,0.0,48.0,24.0
2017-08-07,25,HOME AND KITCHEN II,119,Salinas,Santa Elena,D,1,1.208751241898452,144,143,1.006993006993007,BALANCED,0,0,0.0,0.0,144.0,0.0
2017-08-07,25,HOME APPLIANCES,4,Salinas,Santa Elena,D,1,1.790129371114453,7,5,1.4,OVERSTOCK,0,2,2.0,0.0,5.0,0.0
2017-08-07,25,HOME CARE,732,Salinas,Santa Elena,D,1,0.6048091256800073,443,878,0.5045558086560364,SHORTAGE,435,0,0.0,435.0,878.0,0.0
2017-08-07,25,LADIESWEAR,4,Salinas,Santa Elena,D,1,0.6198957622770683,2,5,0.4,SHORTAGE,3,0,0.0,3.0,5.0,0.0
2017-08-07,25,LAWN AND GARDEN,133,Salinas,Santa Elena,D,1,1.791701498316608,238,160,1.4875,OVERSTOCK,0,78,20.0,0.0,218.0,0.0
2017-08-07,25,LINGERIE,19,Salinas,Santa Elena,D,1,1.3015666009609987,25,23,1.0869565217391304,BALANCED,0,0,0.0,0.0,25.0,0.0
2017-08-07,25,"LIQUOR,WINE,BEER",1690,Salinas,Santa Elena,D,1,0.7522919706222158,1271,2028,0.6267258382642998,SHORTAGE,757,0,0.0,757.0,2028.0,0.0
2017-08-07,25,MAGAZINES,27,Salinas,Santa Elena,D,1,1.6767626397049125,45,32,1.40625,OVERSTOCK,0,13,13.0,0.0,32.0,0.0
2017-08-07,25,MEATS,1594,Salinas,Santa Elena,D,1,1.6564563601532307,2640,1913,1.3800313643491897,OVERSTOCK,0,727,727.0,0.0,1913.0,0.0
2017-08-07,25,PERSONAL CARE,794,Salinas,Santa Elena,D,1,1.2434404957336505,987,953,1.0356768100734524,BALANCED,0,0,0.0,0.0,987.0,0.0
2017-08-07,25,PET SUPPLIES,22,Salinas,Santa Elena,D,1,1.346150435832908,30,26,1.1538461538461537,OVERSTOCK,0,4,4.0,0.0,26.0,0.0
2017-08-07,25,PLAYERS AND ELECTRONICS,44,Salinas,Santa Elena,D,1,0.9278246298010516,41,53,0.7735849056603774,SHORTAGE,12,0,0.0,12.0,53.0,0.0
2017-08-07,25,POULTRY,1271,Salinas,Santa Elena,D,1,0.6606236356464061,840,1525,0.5508196721311476,SHORTAGE,685,0,0.0,685.0,1525.0,0.0
2017-08-07,25,PREPARED FOODS,237,Salinas,Santa Elena,D,1,1.3134811306690373,311,284,1.0950704225352113,BALANCED,0,0,0.0,0.0,311.0,0.0
2017-08-07,25,PRODUCE,11536,Salinas,Santa Elena,D,1,0.9537062318433156,11002,13843,0.794769919815069,SHORTAGE,2841,0,0.0,2841.0,13843.0,0.0
2017-08-07,25,SCHOOL AND OFFICE SUPPLIES,6,Salinas,Santa Elena,D,1,1.3963452559924223,8,7,1.1428571428571428,OVERSTOCK,0,1,1.0,0.0,7.0,0.0
2017-08-07,25,SEAFOOD,9,Salinas,Santa Elena,D,1,1.6034942122111215,14,11,1.2727272727272727,OVERSTOCK,0,3,3.0,0.0,11.0,0.0
2017-08-07,26,AUTOMOTIVE,31,Guayaquil,Guayas,D,10,0.6217926526972368,19,37,0.5135135135135135,SHORTAGE,18,0,0.0,18.0,37.0,0.0
2017-08-07,26,BABY CARE,3,Guayaquil,Guayas,D,10,1.314856529622873,4,4,1.0,BALANCED,0,0,0.0,0.0,4.0,0.0
2017-08-07,26,BEAUTY,0,Guayaquil,Guayas,D,10,0.8775366476242227,0,0,0.0,SHORTAGE,0,0,0.0,0.0,0.0,0.0
2017-08-07,26,BEVERAGES,6930,Guayaquil,Guayas,D,10,1.6486661974845618,11425,8316,1.3738576238576239,OVERSTOCK,0,3109,3109.0,0.0,8316.0,0.0
2017-08-07,26,BOOKS,3,Guayaquil,Guayas,D,10,0.9043974078741942,3,4,0.75,SHORTAGE,1,0,0.0,1.0,4.0,0.0
2017-08-07,26,BREAD/BAKERY,1585,Guayaquil,Guayas,D,10,1.3329241598825021,2113,1902,1.1109358569926393,OVERSTOCK,0,211,211.0,0.0,1902.0,0.0
2017-08-07,26,CELEBRATION,26,Guayaquil,Guayas,D,10,1.264249008107534,33,31,1.064516129032258,BALANCED,0,0,0.0,0.0,33.0,0.0
2017-08-07,26,CLEANING,2963,Guayaquil,Guayas,D,10,1.0753998000710987,3186,3556,0.8959505061867267,SHORTAGE,370,0,0.0,0.0,3186.0,370.0
2017-08-07,26,DAIRY,1837,Guayaquil,Guayas,D,10,1.413144916319753,2596,2204,1.177858439201452,OVERSTOCK,0,392,392.0,0.0,2204.0,0.0
2017-08-07,26,DELI,659,Guayaquil,Guayas,D,10,1.4709235616585208,969,791,1.225031605562579,OVERSTOCK,0,178,178.0,0.0,791.0,0.0
2017-08-07,26,EGGS,266,Guayaquil,Guayas,D,10,1.2803253543832642,341,319,1.0689655172413792,BALANCED,0,0,0.0,0.0,341.0,0.0
2017-08-07,26,FROZEN FOODS,208,Guayaquil,Guayas,D,10,1.510106684621705,314,250,1.256,OVERSTOCK,0,64,64.0,0.0,250.0,0.0
2017-08-07,26,GROCERY I,12393,Guayaquil,Guayas,D,10,1.7801004911915252,22061,14872,1.4833916083916083,OVERSTOCK,0,7189,5157.0,0.0,16904.0,0.0
2017-08-07,26,GROCERY II,146,Guayaquil,Guayas,D,10,1.1031268654809663,161,175,0.92,BALANCED,14,0,0.0,0.0,161.0,14.0
2017-08-07,26,HARDWARE,4,Guayaquil,Guayas,D,10,1.217499662262637,5,5,1.0,BALANCED,0,0,0.0,0.0,5.0,0.0
2017-08-07,26,HOME AND KITCHEN I,75,Guayaquil,Guayas,D,10,0.6149638535294558,46,90,0.5111111111111111,SHORTAGE,44,0,0.0,0.0,46.0,44.0
2017-08-07,26,HOME AND KITCHEN II,43,Guayaquil,Guayas,D,10,1.5552342675724542,67,52,1.2884615384615385,OVERSTOCK,0,15,0.0,0.0,67.0,0.0
2017-08-07,26,HOME APPLIANCES,4,Guayaquil,Guayas,D,10,1.2242760804551927,5,5,1.0,BALANCED,0,0,0.0,0.0,5.0,0.0
2017-08-07,26,HOME CARE,776,Guayaquil,Guayas,D,10,1.0895537164326783,845,931,0.907626208378088,BALANCED,86,0,0.0,86.0,931.0,0.0
2017-08-07,26,LADIESWEAR,4,Guayaquil,Guayas,D,10,0.712886355707275,3,5,0.6,SHORTAGE,2,0,0.0,2.0,5.0,0.0
2017-08-07,26,LAWN AND GARDEN,52,Guayaquil,Guayas,D,10,1.667587706010477,87,62,1.403225806451613,OVERSTOCK,0,25,3.0,0.0,84.0,0.0
2017-08-07,26,LINGERIE,6,Guayaquil,Guayas,D,10,1.0740086880486677,6,7,0.8571428571428571,SHORTAGE,1,0,0.0,0.0,6.0,1.0
2017-08-07,26,"LIQUOR,WINE,BEER",140,Guayaquil,Guayas,D,10,1.4190979178510645,199,168,1.1845238095238095,OVERSTOCK,0,31,31.0,0.0,168.0,0.0
2017-08-07,26,MAGAZINES,4,Guayaquil,Guayas,D,10,0.779248987641781,3,5,0.6,SHORTAGE,2,0,0.0,0.0,3.0,2.0
2017-08-07,26,MEATS,1916,Guayaquil,Guayas,D,10,1.753859555449239,3360,2299,1.4615050021748586,OVERSTOCK,0,1061,1061.0,0.0,2299.0,0.0
2017-08-07,26,PERSONAL CARE,1054,Guayaquil,Guayas,D,10,0.8141301141861971,858,1265,0.6782608695652174,SHORTAGE,407,0,0.0,407.0,1265.0,0.0
2017-08-07,26,PET SUPPLIES,8,Guayaquil,Guayas,D,10,0.8394503914793885,7,10,0.7,SHORTAGE,3,0,0.0,0.0,7.0,3.0
2017-08-07,26,PLAYERS AND ELECTRONICS,13,Guayaquil,Guayas,D,10,1.6307794326692566,21,16,1.3125,OVERSTOCK,0,5,5.0,0.0,16.0,0.0
2017-08-07,26,POULTRY,1189,Guayaquil,Guayas,D,10,1.6950992929703175,2015,1427,1.412053258584443,OVERSTOCK,0,588,588.0,0.0,1427.0,0.0
2017-08-07,26,PREPARED FOODS,144,Guayaquil,Guayas,D,10,0.8545768890279617,123,173,0.7109826589595376,SHORTAGE,50,0,0.0,50.0,173.0,0.0
2017-08-07,26,PRODUCE,3824,Guayaquil,Guayas,D,10,1.1637610658097934,4450,4589,0.9697101765090433,BALANCED,139,0,0.0,139.0,4589.0,0.0
2017-08-07,26,SCHOOL AND OFFICE SUPPLIES,6,Guayaquil,Guayas,D,10,1.480193885475396,9,7,1.2857142857142858,OVERSTOCK,0,2,2.0,0.0,7.0,0.0
2017-08-07,26,SEAFOOD,2,Guayaquil,Guayas,D,10,1.654038880572962,3,2,1.5,OVERSTOCK,0,1,1.0,0.0,2.0,0.0
2017-08-07,27,AUTOMOTIVE,36,Daule,Guayas,D,1,1.0548632340447663,38,43,0.8837209302325582,SHORTAGE,5,0,0.0,0.0,38.0,5.0
2017-08-07,27,BABY CARE,3,Daule,Guayas,D,1,1.220423384219315,4,4,1.0,BALANCED,0,0,0.0,0.0,4.0,0.0
2017-08-07,27,BEAUTY,5,Daule,Guayas,D,1,1.490059692623682,7,6,1.1666666666666667,OVERSTOCK,0,1,1.0,0.0,6.0,0.0
2017-08-07,27,BEVERAGES,22608,Daule,Guayas,D,1,1.4773631719833547,33400,27130,1.2311094729082197,OVERSTOCK,0,6270,6270.0,0.0,27130.0,0.0
2017-08-07,27,BOOKS,3,Daule,Guayas,D,1,1.539552156031302,5,4,1.25,OVERSTOCK,0,1,1.0,0.0,4.0,0.0
2017-08-07,27,BREAD/BAKERY,5010,Daule,Guayas,D,1,1.2839205823698316,6432,6012,1.0698602794411178,BALANCED,0,0,0.0,0.0,6432.0,0.0
2017-08-07,27,CELEBRATION,98,Daule,Guayas,D,1,0.7255381161657303,71,118,0.6016949152542372,SHORTAGE,47,0,0.0,47.0,118.0,0.0
2017-08-07,27,CLEANING,6437,Daule,Guayas,D,1,1.6847679490536482,10845,7724,1.4040652511651994,OVERSTOCK,0,3121,3121.0,0.0,7724.0,0.0
2017-08-07,27,DAIRY,7257,Daule,Guayas,D,1,1.638687047185234,11892,8708,1.3656407900780891,OVERSTOCK,0,3184,3184.0,0.0,8708.0,0.0
2017-08-07,27,DELI,1996,Daule,Guayas,D,1,1.5577169229819998,3109,2395,1.2981210855949896,OVERSTOCK,0,714,714.0,0.0,2395.0,0.0
2017-08-07,27,EGGS,1668,Daule,Guayas,D,1,0.7198349725928754,1201,2002,0.5999000999000998,SHORTAGE,801,0,0.0,801.0,2002.0,0.0
2017-08-07,27,FROZEN FOODS,883,Daule,Guayas,D,1,0.845276840497715,746,1060,0.7037735849056603,SHORTAGE,314,0,0.0,314.0,1060.0,0.0
2017-08-07,27,GROCERY I,25776,Daule,Guayas,D,1,1.4923204381291824,38466,30931,1.243606737577188,OVERSTOCK,0,7535,6002.0,0.0,32464.0,0.0
2017-08-07,27,GROCERY II,202,Daule,Guayas,D,1,0.6277681134983357,127,242,0.5247933884297521,SHORTAGE,115,0,0.0,115.0,242.0,0.0
2017-08-07,27,HARDWARE,9,Daule,Guayas,D,1,1.7750695604487357,16,11,1.4545454545454546,OVERSTOCK,0,5,2.0,0.0,14.0,0.0
2017-08-07,27,HOME AND KITCHEN I,114,Daule,Guayas,D,1,1.052573616426817,120,137,0.8759124087591241,SHORTAGE,17,0,0.0,0.0,120.0,17.0
2017-08-07,27,HOME AND KITCHEN II,180,Daule,Guayas,D,1,1.4631750404289885,263,216,1.2175925925925926,OVERSTOCK,0,47,0.0,0.0,263.0,0.0
2017-08-07,27,HOME APPLIANCES,6,Daule,Guayas,D,1,1.665085306185652,10,7,1.4285714285714286,OVERSTOCK,0,3,3.0,0.0,7.0,0.0
2017-08-07,27,HOME CARE,1679,Daule,Guayas,D,1,1.0735558657800988,1803,2015,0.894789081885856,SHORTAGE,212,0,0.0,212.0,2015.0,0.0
2017-08-07,27,LADIESWEAR,44,Daule,Guayas,D,1,0.9829589863195993,43,53,0.8113207547169812,SHORTAGE,10,0,0.0,10.0,53.0,0.0
2017-08-07,27,LAWN AND GARDEN,209,Daule,Guayas,D,1,1.3304893546778962,278,251,1.1075697211155378,OVERSTOCK,0,27,0.0,0.0,278.0,0.0
2017-08-07,27,LINGERIE,44,Daule,Guayas,D,1,1.297187248497661,57,53,1.0754716981132075,BALANCED,0,0,0.0,0.0,57.0,0.0
2017-08-07,27,"LIQUOR,WINE,BEER",1139,Daule,Guayas,D,1,1.0909679731497566,1243,1367,0.9092904169714704,BALANCED,124,0,0.0,124.0,1367.0,0.0
2017-08-07,27,MAGAZINES,13,Daule,Guayas,D,1,1.3221297070412503,17,16,1.0625,BALANCED,0,0,0.0,0.0,17.0,0.0
2017-08-07,27,MEATS,2159,Daule,Guayas,D,1,1.7224576434797938,3719,2591,1.4353531455036665,OVERSTOCK,0,1128,1128.0,0.0,2591.0,0.0
2017-08-07,27,PERSONAL CARE,1807,Daule,Guayas,D,1,1.1611683079519157,2098,2168,0.9677121771217713,BALANCED,70,0,0.0,70.0,2168.0,0.0
2017-08-07,27,PET SUPPLIES,69,Daule,Guayas,D,1,0.8360906169007576,58,83,0.6987951807228916,SHORTAGE,25,0,0.0,0.0,58.0,25.0
2017-08-07,27,PLAYERS AND ELECTRONICS,60,Daule,Guayas,D,1,1.0526471794596046,63,72,0.875,SHORTAGE,9,0,0.0,9.0,72.0,0.0
2017-08-07,27,POULTRY,2902,Daule,Guayas,D,1,1.0729283791117423,3114,3482,0.8943136128661688,SHORTAGE,368,0,0.0,368.0,3482.0,0.0
2017-08-07,27,PREPARED FOODS,573,Daule,Guayas,D,1,0.7573304316314639,434,688,0.6308139534883721,SHORTAGE,254,0,0.0,254.0,688.0,0.0
2017-08-07,27,PRODUCE,19356,Daule,Guayas,D,1,0.7954458006654659,15397,23227,0.6628923235889267,SHORTAGE,7830,0,0.0,7830.0,23227.0,0.0
2017-08-07,27,SCHOOL AND OFFICE SUPPLIES,7,Daule,Guayas,D,1,1.4214744880724128,10,8,1.25,OVERSTOCK,0,2,2.0,0.0,8.0,0.0
2017-08-07,27,SEAFOOD,86,Daule,Guayas,D,1,1.0073733050506832,87,103,0.8446601941747572,SHORTAGE,16,0,0.0,0.0,87.0,16.0
2017-08-07,28,AUTOMOTIVE,43,Guayaquil,Guayas,E,10,1.7458780702269692,75,52,1.4423076923076923,OVERSTOCK,0,23,23.0,0.0,52.0,0.0
2017-08-07,28,BABY CARE,3,Guayaquil,Guayas,E,10,0.8923160944303289,3,4,0.75,SHORTAGE,1,0,0.0,1.0,4.0,0.0
2017-08-07,28,BEAUTY,5,Guayaquil,Guayas,E,10,0.7187094061257868,4,6,0.6666666666666666,SHORTAGE,2,0,0.0,0.0,4.0,2.0
2017-08-07,28,BEVERAGES,23548,Guayaquil,Guayas,E,10,1.5042054756003096,35421,28258,1.2534857385519145,OVERSTOCK,0,7163,7163.0,0.0,28258.0,0.0
2017-08-07,28,BOOKS,3,Guayaquil,Guayas,E,10,1.6572432623014441,5,4,1.25,OVERSTOCK,0,1,1.0,0.0,4.0,0.0
2017-08-07,28,BREAD/BAKERY,4784,Guayaquil,Guayas,E,10,0.9337360282457855,4467,5741,0.7780874412123323,SHORTAGE,1274,0,0.0,1274.0,5741.0,0.0
2017-08-07,28,CELEBRATION,98,Guayaquil,Guayas,E,10,0.8425057219745736,83,118,0.7033898305084746,SHORTAGE,35,0,0.0,35.0,118.0,0.0
2017-08-07,28,CLEANING,9475,Guayaquil,Guayas,E,10,0.8229193618453046,7797,11370,0.6857519788918206,SHORTAGE,3573,0,0.0,0.0,7797.0,3573.0
2017-08-07,28,DAIRY,6698,Guayaquil,Guayas,E,10,1.2264147616398149,8215,8038,1.0220204030853446,BALANCED,0,0,0.0,0.0,8215.0,0.0
2017-08-07,28,DELI,3010,Guayaquil,Guayas,E,10,1.1620999694961252,3498,3612,0.96843853820598,BALANCED,114,0,0.0,114.0,3612.0,0.0
2017-08-07,28,EGGS,1960,Guayaquil,Guayas,E,10,0.9113278078254411,1786,2352,0.7593537414965986,SHORTAGE,566,0,0.0,0.0,1786.0,566.0
2017-08-07,28,FROZEN FOODS,572,Guayaquil,Guayas,E,10,0.6542077403873117,374,686,0.5451895043731778,SHORTAGE,312,0,0.0,312.0,686.0,0.0
2017-08-07,28,GROCERY I,30493,Guayaquil,Guayas,E,10,1.177789608391537,35914,36592,0.9814713598600787,BALANCED,678,0,0.0,678.0,36592.0,0.0
2017-08-07,28,GROCERY II,90,Guayaquil,Guayas,E,10,1.7511988171627302,158,108,1.462962962962963,OVERSTOCK,0,50,50.0,0.0,108.0,0.0
2017-08-07,28,HARDWARE,8,Guayaquil,Guayas,E,10,1.383023040903196,11,10,1.1,BALANCED,0,0,0.0,0.0,11.0,0.0
2017-08-07,28,HOME AND KITCHEN I,224,Guayaquil,Guayas,E,10,1.1946078679543422,268,269,0.9962825278810409,BALANCED,1,0,0.0,0.0,268.0,1.0
2017-08-07,28,HOME AND KITCHEN II,119,Guayaquil,Guayas,E,10,0.7328304888355394,87,143,0.6083916083916084,SHORTAGE,56,0,0.0,56.0,143.0,0.0
2017-08-07,28,HOME APPLIANCES,6,Guayaquil,Guayas,E,10,0.9029235486595047,5,7,0.7142857142857143,SHORTAGE,2,0,0.0,0.0,5.0,2.0
2017-08-07,28,HOME CARE,2058,Guayaquil,Guayas,E,10,0.9537287394894512,1963,2470,0.7947368421052632,SHORTAGE,507,0,0.0,507.0,2470.0,0.0
2017-08-07,28,LADIESWEAR,4,Guayaquil,Guayas,E,10,1.5177642631286814,6,5,1.2,OVERSTOCK,0,1,0.0,0.0,6.0,0.0
2017-08-07,28,LAWN AND GARDEN,6,Guayaquil,Guayas,E,10,1.6520529567175433,10,7,1.4285714285714286,OVERSTOCK,0,3,0.0,0.0,10.0,0.0
2017-08-07,28,LINGERIE,27,Guayaquil,Guayas,E,10,1.6819702242797263,45,32,1.40625,OVERSTOCK,0,13,13.0,0.0,32.0,0.0
2017-08-07,28,"LIQUOR,WINE,BEER",417,Guayaquil,Guayas,E,10,1.781482329900905,743,500,1.486,OVERSTOCK,0,243,243.0,0.0,500.0,0.0
2017-08-07,28,MAGAZINES,8,Guayaquil,Guayas,E,10,1.778840019725439,14,10,1.4,OVERSTOCK,0,4,4.0,0.0,10.0,0.0
2017-08-07,28,MEATS,1568,Guayaquil,Guayas,E,10,1.743598959321578,2734,1882,1.4527098831030818,OVERSTOCK,0,852,852.0,0.0,1882.0,0.0
2017-08-07,28,PERSONAL CARE,2379,Guayaquil,Guayas,E,10,0.6861865686034613,1632,2855,0.5716287215411558,SHORTAGE,1223,0,0.0,1223.0,2855.0,0.0
2017-08-07,28,PET SUPPLIES,27,Guayaquil,Guayas,E,10,0.7653522431133662,21,32,0.65625,SHORTAGE,11,0,0.0,0.0,21.0,11.0
2017-08-07,28,PLAYERS AND ELECTRONICS,23,Guayaquil,Guayas,E,10,0.9653598317712395,22,28,0.7857142857142857,SHORTAGE,6,0,0.0,6.0,28.0,0.0
2017-08-07,28,POULTRY,1634,Guayaquil,Guayas,E,10,1.263477904877354,2065,1961,1.0530341662417133,BALANCED,0,0,0.0,0.0,2065.0,0.0
2017-08-07,28,PREPARED FOODS,602,Guayaquil,Guayas,E,10,0.7163734664465752,431,722,0.5969529085872576,SHORTAGE,291,0,0.0,291.0,722.0,0.0
2017-08-07,28,PRODUCE,11659,Guayaquil,Guayas,E,10,1.6149563493625712,18829,13991,1.3457937245372025,OVERSTOCK,0,4838,2137.0,0.0,16692.0,0.0
2017-08-07,28,SCHOOL AND OFFICE SUPPLIES,12,Guayaquil,Guayas,E,10,1.340107414892771,16,14,1.1428571428571428,OVERSTOCK,0,2,2.0,0.0,14.0,0.0
2017-08-07,28,SEAFOOD,15,Guayaquil,Guayas,E,10,1.250837282762646,19,18,1.0555555555555556,BALANCED,0,0,0.0,0.0,19.0,0.0
2017-08-07,29,AUTOMOTIVE,31,Guayaquil,Guayas,E,10,0.7983735880407494,25,37,0.6756756756756757,SHORTAGE,12,0,0.0,12.0,37.0,0.0
2017-08-07,29,BABY CARE,3,Guayaquil,Guayas,E,10,0.9039065692802368,3,4,0.75,SHORTAGE,1,0,0.0,1.0,4.0,0.0
2017-08-07,29,BEAUTY,8,Guayaquil,Guayas,E,10,0.7923744299787097,6,10,0.6,SHORTAGE,4,0,0.0,0.0,6.0,4.0
2017-08-07,29,BEVERAGES,21527,Guayaquil,Guayas,E,10,1.6223197893537584,34924,25832,1.3519665531124188,OVERSTOCK,0,9092,9092.0,0.0,25832.0,0.0
2017-08-07,29,BOOKS,3,Guayaquil,Guayas,E,10,1.3010734320734618,4,4,1.0,BALANCED,0,0,0.0,0.0,4.0,0.0
2017-08-07,29,BREAD/BAKERY,4732,Guayaquil,Guayas,E,10,1.48215531302356,7014,5678,1.2352941176470589,OVERSTOCK,0,1336,1336.0,0.0,5678.0,0.0
2017-08-07,29,CELEBRATION,75,Guayaquil,Guayas,E,10,0.9552394354920309,72,90,0.8,SHORTAGE,18,0,0.0,0.0,72.0,18.0
2017-08-07,29,CLEANING,7385,Guayaquil,Guayas,E,10,1.0455031645059327,7721,8862,0.8712480252764613,SHORTAGE,1141,0,0.0,0.0,7721.0,1141.0
2017-08-07,29,DAIRY,5312,Guayaquil,Guayas,E,10,1.0858259573118405,5768,6374,0.9049262629432068,BALANCED,606,0,0.0,0.0,5768.0,606.0
2017-08-07,29,DELI,2019,Guayaquil,Guayas,E,10,1.512017966092842,3053,2423,1.260008254230293,OVERSTOCK,0,630,630.0,0.0,2423.0,0.0
2017-08-07,29,EGGS,1617,Guayaquil,Guayas,E,10,1.5268235852094818,2469,1940,1.272680412371134,OVERSTOCK,0,529,529.0,0.0,1940.0,0.0
2017-08-07,29,FROZEN FOODS,614,Guayaquil,Guayas,E,10,0.8481762330168381,521,737,0.7069199457259159,SHORTAGE,216,0,0.0,216.0,737.0,0.0
2017-08-07,29,GROCERY I,27191,Guayaquil,Guayas,E,10,1.729846628085719,47036,32629,1.4415397345919274,OVERSTOCK,0,14407,14144.0,0.0,32892.0,0.0
2017-08-07,29,GROCERY II,101,Guayaquil,Guayas,E,10,0.7447864049324237,75,121,0.6198347107438017,SHORTAGE,46,0,0.0,0.0,75.0,46.0
2017-08-07,29,HARDWARE,6,Guayaquil,Guayas,E,10,1.6753464989083566,10,7,1.4285714285714286,OVERSTOCK,0,3,0.0,0.0,10.0,0.0
2017-08-07,29,HOME AND KITCHEN I,144,Guayaquil,Guayas,E,10,0.7204747747797712,104,173,0.6011560693641619,SHORTAGE,69,0,0.0,69.0,173.0,0.0
2017-08-07,29,HOME AND KITCHEN II,131,Guayaquil,Guayas,E,10,0.9174477733815734,120,157,0.7643312101910829,SHORTAGE,37,0,0.0,37.0,157.0,0.0
2017-08-07,29,HOME APPLIANCES,4,Guayaquil,Guayas,E,10,1.6157742432815485,6,5,1.2,OVERSTOCK,0,1,1.0,0.0,5.0,0.0
2017-08-07,29,HOME CARE,1874,Guayaquil,Guayas,E,10,0.8153904868153049,1528,2249,0.6794130724766563,SHORTAGE,721,0,0.0,721.0,2249.0,0.0
2017-08-07,29,LADIESWEAR,4,Guayaquil,Guayas,E,10,1.0962815175719638,4,5,0.8,SHORTAGE,1,0,0.0,1.0,5.0,0.0
2017-08-07,29,LAWN AND GARDEN,31,Guayaquil,Guayas,E,10,1.1398311599329516,35,37,0.9459459459459459,BALANCED,2,0,0.0,2.0,37.0,0.0
2017-08-07,29,LINGERIE,23,Guayaquil,Guayas,E,10,0.8943107676278516,21,28,0.75,SHORTAGE,7,0,0.0,0.0,21.0,7.0
2017-08-07,29,"LIQUOR,WINE,BEER",667,Guayaquil,Guayas,E,10,1.4522942416031839,969,800,1.21125,OVERSTOCK,0,169,169.0,0.0,800.0,0.0
2017-08-07,29,MAGAZINES,6,Guayaquil,Guayas,E,10,1.6216015792826448,10,7,1.4285714285714286,OVERSTOCK,0,3,3.0,0.0,7.0,0.0
2017-08-07,29,MEATS,898,Guayaquil,Guayas,E,10,1.6494901678266862,1481,1078,1.3738404452690167,OVERSTOCK,0,403,403.0,0.0,1078.0,0.0
2017-08-07,29,PERSONAL CARE,2045,Guayaquil,Guayas,E,10,1.007186574883873,2060,2454,0.8394458027709861,SHORTAGE,394,0,0.0,394.0,2454.0,0.0
2017-08-07,29,PET SUPPLIES,38,Guayaquil,Guayas,E,10,1.2370204731453773,47,46,1.0217391304347827,BALANCED,0,0,0.0,0.0,47.0,0.0
2017-08-07,29,PLAYERS AND ELECTRONICS,27,Guayaquil,Guayas,E,10,0.8980876846387819,24,32,0.75,SHORTAGE,8,0,0.0,8.0,32.0,0.0
2017-08-07,29,POULTRY,1453,Guayaquil,Guayas,E,10,0.8937558018601746,1299,1744,0.7448394495412844,SHORTAGE,445,0,0.0,445.0,1744.0,0.0
2017-08-07,29,PREPARED FOODS,391,Guayaquil,Guayas,E,10,0.793504875422309,310,469,0.6609808102345416,SHORTAGE,159,0,0.0,159.0,469.0,0.0
2017-08-07,29,PRODUCE,9064,Guayaquil,Guayas,E,10,1.7280228129690178,15663,10877,1.4400110324538016,OVERSTOCK,0,4786,1999.0,0.0,13664.0,0.0
2017-08-07,29,SCHOOL AND OFFICE SUPPLIES,9,Guayaquil,Guayas,E,10,1.665586594326696,15,11,1.3636363636363635,OVERSTOCK,0,4,4.0,0.0,11.0,0.0
2017-08-07,29,SEAFOOD,27,Guayaquil,Guayas,E,10,1.5328304559932309,41,32,1.28125,OVERSTOCK,0,9,9.0,0.0,32.0,0.0
2017-08-07,30,AUTOMOTIVE,12,Guayaquil,Guayas,C,3,1.221193825545275,15,14,1.0714285714285714,BALANCED,0,0,0.0,0.0,15.0,0.0
2017-08-07,30,BABY CARE,4,Guayaquil,Guayas,C,3,1.1887294986142463,5,5,1.0,BALANCED,0,0,0.0,0.0,5.0,0.0
2017-08-07,30,BEAUTY,5,Guayaquil,Guayas,C,3,1.2356947994189977,6,6,1.0,BALANCED,0,0,0.0,0.0,6.0,0.0
2017-08-07,30,BEVERAGES,10682,Guayaquil,Guayas,C,3,1.2438816162925073,13287,12818,1.0365891714776096,BALANCED,0,0,0.0,0.0,13287.0,0.0
2017-08-07,30,BOOKS,3,Guayaquil,Guayas,C,3,1.1214757016372285,3,4,0.75,SHORTAGE,1,0,0.0,1.0,4.0,0.0
2017-08-07,30,BREAD/BAKERY,1209,Guayaquil,Guayas,C,3,0.758105799470481,917,1451,0.6319779462439696,SHORTAGE,534,0,0.0,534.0,1451.0,0.0
2017-08-07,30,CELEBRATION,26,Guayaquil,Guayas,C,3,0.7507966234422432,20,31,0.6451612903225806,SHORTAGE,11,0,0.0,0.0,20.0,11.0
2017-08-07,30,CLEANING,7420,Guayaquil,Guayas,C,3,1.74269965901482,12931,8904,1.4522686433063792,OVERSTOCK,0,4027,4027.0,0.0,8904.0,0.0
2017-08-07,30,DAIRY,2136,Guayaquil,Guayas,C,3,1.1784369115036206,2517,2563,0.982052282481467,BALANCED,46,0,0.0,0.0,2517.0,46.0
2017-08-07,30,DELI,823,Guayaquil,Guayas,C,3,1.743846629886227,1435,988,1.4524291497975708,OVERSTOCK,0,447,447.0,0.0,988.0,0.0
2017-08-07,30,EGGS,916,Guayaquil,Guayas,C,3,0.7962922532521319,729,1099,0.6633303002729755,SHORTAGE,370,0,0.0,0.0,729.0,370.0
2017-08-07,30,FROZEN FOODS,252,Guayaquil,Guayas,C,3,1.2652998624479204,319,302,1.0562913907284768,BALANCED,0,0,0.0,0.0,319.0,0.0
2017-08-07,30,GROCERY I,14494,Guayaquil,Guayas,C,3,0.8492607040218471,12309,17393,0.7076984993963089,SHORTAGE,5084,0,0.0,5084.0,17393.0,0.0
2017-08-07,30,GROCERY II,31,Guayaquil,Guayas,C,3,0.9038215273519219,28,37,0.7567567567567568,SHORTAGE,9,0,0.0,0.0,28.0,9.0
2017-08-07,30,HARDWARE,4,Guayaquil,Guayas,C,3,0.6360654945134145,3,5,0.6,SHORTAGE,2,0,0.0,2.0,5.0,0.0
2017-08-07,30,HOME AND KITCHEN I,75,Guayaquil,Guayas,C,3,0.7427439728882536,56,90,0.6222222222222222,SHORTAGE,34,0,0.0,0.0,56.0,34.0
2017-08-07,30,HOME AND KITCHEN II,47,Guayaquil,Guayas,C,3,1.700218089155035,80,56,1.4285714285714286,OVERSTOCK,0,24,0.0,0.0,80.0,0.0
2017-08-07,30,HOME APPLIANCES,4,Guayaquil,Guayas,C,3,0.9858395897787982,4,5,0.8,SHORTAGE,1,0,0.0,0.0,4.0,1.0
2017-08-07,30,HOME CARE,1205,Guayaquil,Guayas,C,3,1.32975505429751,1602,1446,1.107883817427386,OVERSTOCK,0,156,156.0,0.0,1446.0,0.0
2017-08-07,30,LADIESWEAR,4,Guayaquil,Guayas,C,3,1.1580169583871276,5,5,1.0,BALANCED,0,0,0.0,0.0,5.0,0.0
2017-08-07,30,LAWN AND GARDEN,4,Guayaquil,Guayas,C,3,1.080541494294334,4,5,0.8,SHORTAGE,1,0,0.0,1.0,5.0,0.0
2017-08-07,30,LINGERIE,19,Guayaquil,Guayas,C,3,1.2382633096152817,24,23,1.0434782608695652,BALANCED,0,0,0.0,0.0,24.0,0.0
2017-08-07,30,"LIQUOR,WINE,BEER",254,Guayaquil,Guayas,C,3,0.8246867335384098,209,305,0.6852459016393443,SHORTAGE,96,0,0.0,96.0,305.0,0.0
2017-08-07,30,MAGAZINES,6,Guayaquil,Guayas,C,3,1.786324678223492,11,7,1.5714285714285714,OVERSTOCK,0,4,4.0,0.0,7.0,0.0
2017-08-07,30,MEATS,574,Guayaquil,Guayas,C,3,1.5819694424446358,908,689,1.3178519593613933,OVERSTOCK,0,219,219.0,0.0,689.0,0.0
2017-08-07,30,PERSONAL CARE,687,Guayaquil,Guayas,C,3,1.4899375592778183,1024,824,1.2427184466019416,OVERSTOCK,0,200,0.0,0.0,1024.0,0.0
2017-08-07,30,PET SUPPLIES,13,Guayaquil,Guayas,C,3,1.162511156416743,15,16,0.9375,BALANCED,1,0,0.0,0.0,15.0,1.0
2017-08-07,30,PLAYERS AND ELECTRONICS,27,Guayaquil,Guayas,C,3,0.7834525465516031,21,32,0.65625,SHORTAGE,11,0,0.0,11.0,32.0,0.0
2017-08-07,30,POULTRY,734,Guayaquil,Guayas,C,3,1.7047990299282816,1251,881,1.4199772985244041,OVERSTOCK,0,370,370.0,0.0,881.0,0.0
2017-08-07,30,PREPARED FOODS,119,Guayaquil,Guayas,C,3,1.0096644808580733,120,143,0.8391608391608392,SHORTAGE,23,0,0.0,23.0,143.0,0.0
2017-08-07,30,PRODUCE,3958,Guayaquil,Guayas,C,3,0.6601280276363205,2613,4750,0.5501052631578948,SHORTAGE,2137,0,0.0,2137.0,4750.0,0.0
2017-08-07,30,SCHOOL AND OFFICE SUPPLIES,4,Guayaquil,Guayas,C,3,1.0108844121727545,4,5,0.8,SHORTAGE,1,0,0.0,0.0,4.0,1.0
2017-08-07,30,SEAFOOD,10,Guayaquil,Guayas,C,3,1.5533484365950614,16,12,1.3333333333333333,OVERSTOCK,0,4,4.0,0.0,12.0,0.0
2017-08-07,31,AUTOMOTIVE,50,Babahoyo,Los Rios,B,10,1.3472504939858498,67,60,1.1166666666666667,OVERSTOCK,0,7,7.0,0.0,60.0,0.0
2017-08-07,31,BABY CARE,3,Babahoyo,Los Rios,B,10,1.5010063016938318,5,4,1.25,OVERSTOCK,0,1,1.0,0.0,4.0,0.0
2017-08-07,31,BEAUTY,0,Babahoyo,Los Rios,B,10,1.552362460634853,0,0,0.0,SHORTAGE,0,0,0.0,0.0,0.0,0.0
2017-08-07,31,BEVERAGES,22810,Babahoyo,Los Rios,B,10,0.8543455332966511,19488,27372,0.711968434896975,SHORTAGE,7884,0,0.0,7884.0,27372.0,0.0
2017-08-07,31,BOOKS,3,Babahoyo,Los Rios,B,10,1.7085399793118163,5,4,1.25,OVERSTOCK,0,1,0.0,0.0,5.0,0.0
2017-08-07,31,BREAD/BAKERY,3914,Babahoyo,Los Rios,B,10,1.1255875235044472,4406,4697,0.9380455609963807,BALANCED,291,0,0.0,291.0,4697.0,0.0
2017-08-07,31,CELEBRATION,50,Babahoyo,Los Rios,B,10,1.3668163791169976,68,60,1.1333333333333333,OVERSTOCK,0,8,8.0,0.0,60.0,0.0
2017-08-07,31,CLEANING,10582,Babahoyo,Los Rios,B,10,0.6027705271040904,6379,12698,0.5023625767837455,SHORTAGE,6319,0,0.0,6319.0,12698.0,0.0
2017-08-07,31,DAIRY,5042,Babahoyo,Los Rios,B,10,1.7920421980934138,9035,6050,1.493388429752066,OVERSTOCK,0,2985,2985.0,0.0,6050.0,0.0
2017-08-07,31,DELI,1827,Babahoyo,Los Rios,B,10,0.9370756631569862,1712,2192,0.781021897810219,SHORTAGE,480,0,0.0,480.0,2192.0,0.0
2017-08-07,31,EGGS,2270,Babahoyo,Los Rios,B,10,0.6744757278481862,1531,2724,0.5620411160058737,SHORTAGE,1193,0,0.0,1193.0,2724.0,0.0
2017-08-07,31,FROZEN FOODS,572,Babahoyo,Los Rios,B,10,1.1499144498438167,658,686,0.9591836734693877,BALANCED,28,0,0.0,28.0,686.0,0.0
2017-08-07,31,GROCERY I,29813,Babahoyo,Los Rios,B,10,0.7548360686184501,22504,35776,0.6290250447227191,SHORTAGE,13272,0,0.0,13272.0,35776.0,0.0
2017-08-07,31,GROCERY II,56,Babahoyo,Los Rios,B,10,0.7827920521890909,44,67,0.6567164179104478,SHORTAGE,23,0,0.0,0.0,44.0,23.0
2017-08-07,31,HARDWARE,4,Babahoyo,Los Rios,B,10,1.3587393756362522,5,5,1.0,BALANCED,0,0,0.0,0.0,5.0,0.0
2017-08-07,31,HOME AND KITCHEN I,163,Babahoyo,Los Rios,B,10,1.07151286988428,175,196,0.8928571428571429,SHORTAGE,21,0,0.0,0.0,175.0,21.0
2017-08-07,31,HOME AND KITCHEN II,119,Babahoyo,Los Rios,B,10,1.7062229401859943,203,143,1.4195804195804196,OVERSTOCK,0,60,6.0,0.0,197.0,0.0
2017-08-07,31,HOME APPLIANCES,4,Babahoyo,Los Rios,B,10,0.9829877935296841,4,5,0.8,SHORTAGE,1,0,0.0,0.0,4.0,1.0
2017-08-07,31,HOME CARE,2058,Babahoyo,Los Rios,B,10,1.4714161540606814,3028,2470,1.225910931174089,OVERSTOCK,0,558,502.0,0.0,2526.0,0.0
2017-08-07,31,LADIESWEAR,0,Babahoyo,Los Rios,B,10,1.1533193161858892,0,0,0.0,SHORTAGE,0,0,0.0,0.0,0.0,0.0
2017-08-07,31,LAWN AND GARDEN,6,Babahoyo,Los Rios,B,10,1.3919415613551347,8,7,1.1428571428571428,OVERSTOCK,0,1,0.0,0.0,8.0,0.0
2017-08-07,31,LINGERIE,52,Babahoyo,Los Rios,B,10,1.3196344280591885,69,62,1.1129032258064515,OVERSTOCK,0,7,7.0,0.0,62.0,0.0
2017-08-07,31,"LIQUOR,WINE,BEER",96,Babahoyo,Los Rios,B,10,1.1673407673107978,112,115,0.9739130434782609,BALANCED,3,0,0.0,0.0,112.0,3.0
2017-08-07,31,MAGAZINES,8,Babahoyo,Los Rios,B,10,1.7400733135493247,14,10,1.4,OVERSTOCK,0,4,4.0,0.0,10.0,0.0
2017-08-07,31,MEATS,2742,Babahoyo,Los Rios,B,10,1.011256371305947,2773,3290,0.8428571428571429,SHORTAGE,517,0,0.0,517.0,3290.0,0.0
2017-08-07,31,PERSONAL CARE,2014,Babahoyo,Los Rios,B,10,0.8126826014991271,1637,2417,0.6772858916011585,SHORTAGE,780,0,0.0,780.0,2417.0,0.0
2017-08-07,31,PET SUPPLIES,22,Babahoyo,Los Rios,B,10,1.413712873055794,31,26,1.1923076923076923,OVERSTOCK,0,5,5.0,0.0,26.0,0.0
2017-08-07,31,PLAYERS AND ELECTRONICS,52,Babahoyo,Los Rios,B,10,1.6152090735694906,84,62,1.3548387096774193,OVERSTOCK,0,22,7.0,0.0,77.0,0.0
2017-08-07,31,POULTRY,931,Babahoyo,Los Rios,B,10,0.6483044879279085,604,1117,0.540734109221128,SHORTAGE,513,0,0.0,513.0,1117.0,0.0
2017-08-07,31,PREPARED FOODS,458,Babahoyo,Los Rios,B,10,1.1395592261072167,522,550,0.9490909090909091,BALANCED,28,0,0.0,28.0,550.0,0.0
2017-08-07,31,PRODUCE,9906,Babahoyo,Los Rios,B,10,1.6709852276247916,16553,11887,1.3925296542441323,OVERSTOCK,0,4666,0.0,0.0,16553.0,0.0
2017-08-07,31,SCHOOL AND OFFICE SUPPLIES,0,Babahoyo,Los Rios,B,10,1.499542342707441,0,0,0.0,SHORTAGE,0,0,0.0,0.0,0.0,0.0
2017-08-07,31,SEAFOOD,31,Babahoyo,Los Rios,B,10,1.790169259797154,55,37,1.4864864864864864,OVERSTOCK,0,18,18.0,0.0,37.0,0.0
2017-08-07,32,AUTOMOTIVE,7,Guayaquil,Guayas,C,3,1.2376965739166925,9,8,1.125,OVERSTOCK,0,1,1.0,0.0,8.0,0.0
2017-08-07,32,BABY CARE,3,Guayaquil,Guayas,C,3,1.3919948625613816,4,4,1.0,BALANCED,0,0,0.0,0.0,4.0,0.0
2017-08-07,32,BEAUTY,0,Guayaquil,Guayas,C,3,0.9629763373655138,0,0,0.0,SHORTAGE,0,0,0.0,0.0,0.0,0.0
2017-08-07,32,BEVERAGES,7533,Guayaquil,Guayas,C,3,1.7370427195991909,13085,9040,1.4474557522123894,OVERSTOCK,0,4045,4045.0,0.0,9040.0,0.0
2017-08-07,32,BOOKS,3,Guayaquil,Guayas,C,3,1.0396025862678435,3,4,0.75,SHORTAGE,1,0,0.0,1.0,4.0,0.0
2017-08-07,32,BREAD/BAKERY,884,Guayaquil,Guayas,C,3,1.4862128552239544,1314,1061,1.238454288407163,OVERSTOCK,0,253,253.0,0.0,1061.0,0.0
2017-08-07,32,CELEBRATION,21,Guayaquil,Guayas,C,3,1.0837682449428983,23,25,0.92,BALANCED,2,0,0.0,0.0,23.0,2.0
2017-08-07,32,CLEANING,7229,Guayaquil,Guayas,C,3,1.2741827160755992,9211,8675,1.0617867435158501,BALANCED,0,0,0.0,0.0,9211.0,0.0
2017-08-07,32,DAIRY,1233,Guayaquil,Guayas,C,3,1.4637390420258556,1805,1480,1.2195945945945945,OVERSTOCK,0,325,325.0,0.0,1480.0,0.0
2017-08-07,32,DELI,758,Guayaquil,Guayas,C,3,1.2107209821016252,918,910,1.0087912087912088,BALANCED,0,0,0.0,0.0,918.0,0.0
2017-08-07,32,EGGS,1398,Guayaquil,Guayas,C,3,1.6885035922914104,2361,1678,1.4070321811680573,OVERSTOCK,0,683,683.0,0.0,1678.0,0.0
2017-08-07,32,FROZEN FOODS,99,Guayaquil,Guayas,C,3,1.1031611855133723,109,119,0.9159663865546218,BALANCED,10,0,0.0,10.0,119.0,0.0
2017-08-07,32,GROCERY I,11099,Guayaquil,Guayas,C,3,1.3764861577719902,15278,13319,1.147083114347924,OVERSTOCK,0,1959,0.0,0.0,15278.0,0.0
2017-08-07,32,GROCERY II,0,Guayaquil,Guayas,C,3,1.010834919960065,0,0,0.0,SHORTAGE,0,0,0.0,0.0,0.0,0.0
2017-08-07,32,HARDWARE,4,Guayaquil,Guayas,C,3,1.0897880018772157,4,5,0.8,SHORTAGE,1,0,0.0,1.0,5.0,0.0
2017-08-07,32,HOME AND KITCHEN I,56,Guayaquil,Guayas,C,3,1.1280601298802628,63,67,0.9402985074626866,BALANCED,4,0,0.0,0.0,63.0,4.0
2017-08-07,32,HOME AND KITCHEN II,23,Guayaquil,Guayas,C,3,0.7509684219747423,17,28,0.6071428571428571,SHORTAGE,11,0,0.0,11.0,28.0,0.0
2017-08-07,32,HOME APPLIANCES,4,Guayaquil,Guayas,C,3,0.7100684148708081,3,5,0.6,SHORTAGE,2,0,0.0,0.0,3.0,2.0
2017-08-07,32,HOME CARE,633,Guayaquil,Guayas,C,3,1.4009879077761096,887,760,1.1671052631578946,OVERSTOCK,0,127,127.0,0.0,760.0,0.0
2017-08-07,32,LADIESWEAR,4,Guayaquil,Guayas,C,3,1.386621286011663,6,5,1.2,OVERSTOCK,0,1,0.0,0.0,6.0,0.0
2017-08-07,32,LAWN AND GARDEN,4,Guayaquil,Guayas,C,3,1.3954916570521143,6,5,1.2,OVERSTOCK,0,1,0.0,0.0,6.0,0.0
2017-08-07,32,LINGERIE,4,Guayaquil,Guayas,C,3,0.62371973441123,2,5,0.4,SHORTAGE,3,0,0.0,0.0,2.0,3.0
2017-08-07,32,"LIQUOR,WINE,BEER",239,Guayaquil,Guayas,C,3,0.991856211206136,237,287,0.8257839721254355,SHORTAGE,50,0,0.0,50.0,287.0,0.0
2017-08-07,32,MAGAZINES,4,Guayaquil,Guayas,C,3,0.8373718167110363,3,5,0.6,SHORTAGE,2,0,0.0,0.0,3.0,2.0
2017-08-07,32,MEATS,615,Guayaquil,Guayas,C,3,1.533781707052815,943,738,1.2777777777777777,OVERSTOCK,0,205,205.0,0.0,738.0,0.0
2017-08-07,32,PERSONAL CARE,640,Guayaquil,Guayas,C,3,1.6327564816753564,1045,768,1.3606770833333333,OVERSTOCK,0,277,109.0,0.0,936.0,0.0
2017-08-07,32,PET SUPPLIES,4,Guayaquil,Guayas,C,3,0.8960164526713769,4,5,0.8,SHORTAGE,1,0,0.0,0.0,4.0,1.0
2017-08-07,32,PLAYERS AND ELECTRONICS,7,Guayaquil,Guayas,C,3,1.4014189906175838,10,8,1.25,OVERSTOCK,0,2,2.0,0.0,8.0,0.0
2017-08-07,32,POULTRY,401,Guayaquil,Guayas,C,3,0.7552353641499293,303,481,0.6299376299376299,SHORTAGE,178,0,0.0,0.0,303.0,178.0
2017-08-07,32,PREPARED FOODS,69,Guayaquil,Guayas,C,3,0.930183030722056,64,83,0.7710843373493976,SHORTAGE,19,0,0.0,3.0,67.0,16.0
2017-08-07,32,PRODUCE,1567,Guayaquil,Guayas,C,3,0.7663853954801034,1201,1880,0.6388297872340426,SHORTAGE,679,0,0.0,679.0,1880.0,0.0
2017-08-07,32,SCHOOL AND OFFICE SUPPLIES,4,Guayaquil,Guayas,C,3,0.9402249199190751,4,5,0.8,SHORTAGE,1,0,0.0,0.0,4.0,1.0
2017-08-07,32,SEAFOOD,0,Guayaquil,Guayas,C,3,1.4096838568191337,0,0,0.0,SHORTAGE,0,0,0.0,0.0,0.0,0.0
2017-08-07,33,AUTOMOTIVE,43,Quevedo,Los Rios,C,3,1.6923922922223031,73,52,1.4038461538461537,OVERSTOCK,0,21,21.0,0.0,52.0,0.0
2017-08-07,33,BABY CARE,3,Quevedo,Los Rios,C,3,0.8430268895090232,3,4,0.75,SHORTAGE,1,0,0.0,1.0,4.0,0.0
2017-08-07,33,BEAUTY,0,Quevedo,Los Rios,C,3,1.250494841940863,0,0,0.0,SHORTAGE,0,0,0.0,0.0,0.0,0.0
2017-08-07,33,BEVERAGES,14411,Quevedo,Los Rios,C,3,1.4416693214921188,20776,17293,1.2014109755392355,OVERSTOCK,0,3483,3483.0,0.0,17293.0,0.0
2017-08-07,33,BOOKS,3,Quevedo,Los Rios,C,3,1.743506962182679,5,4,1.25,OVERSTOCK,0,1,0.0,0.0,5.0,0.0
2017-08-07,33,BREAD/BAKERY,1660,Quevedo,Los Rios,C,3,1.3320725794646087,2211,1992,1.1099397590361446,OVERSTOCK,0,219,219.0,0.0,1992.0,0.0
2017-08-07,33,CELEBRATION,43,Quevedo,Los Rios,C,3,0.9061283172328568,39,52,0.75,SHORTAGE,13,0,0.0,0.0,39.0,13.0
2017-08-07,33,CLEANING,7462,Quevedo,Los Rios,C,3,1.3505737882967237,10078,8954,1.1255304891668527,OVERSTOCK,0,1124,1124.0,0.0,8954.0,0.0
2017-08-07,33,DAIRY,3160,Quevedo,Los Rios,C,3,0.9845893940136194,3111,3792,0.8204113924050633,SHORTAGE,681,0,0.0,0.0,3111.0,681.0
2017-08-07,33,DELI,1387,Quevedo,Los Rios,C,3,1.7713540688300495,2457,1664,1.4765625,OVERSTOCK,0,793,783.0,0.0,1674.0,0.0
2017-08-07,33,EGGS,1131,Quevedo,Los Rios,C,3,1.0796113621963643,1221,1357,0.8997789240972734,SHORTAGE,136,0,0.0,0.0,1221.0,136.0
2017-08-07,33,FROZEN FOODS,470,Quevedo,Los Rios,C,3,1.422513264913217,669,564,1.1861702127659575,OVERSTOCK,0,105,28.0,0.0,641.0,0.0
2017-08-07,33,GROCERY I,20699,Quevedo,Los Rios,C,3,0.6278730988161102,12996,24839,0.5232094689802327,SHORTAGE,11843,0,0.0,11843.0,24839.0,0.0
2017-08-07,33,GROCERY II,10,Quevedo,Los Rios,C,3,1.0800737353617065,11,12,0.9166666666666666,BALANCED,1,0,0.0,0.0,11.0,1.0
2017-08-07,33,HARDWARE,4,Quevedo,Los Rios,C,3,1.650129135987014,7,5,1.4,OVERSTOCK,0,2,0.0,0.0,7.0,0.0
2017-08-07,33,HOME AND KITCHEN I,167,Quevedo,Los Rios,C,3,1.332272933319895,222,200,1.11,OVERSTOCK,0,22,22.0,0.0,200.0,0.0
2017-08-07,33,HOME AND KITCHEN II,86,Quevedo,Los Rios,C,3,1.1327314636751717,97,103,0.941747572815534,BALANCED,6,0,0.0,6.0,103.0,0.0
2017-08-07,33,HOME APPLIANCES,4,Quevedo,Los Rios,C,3,1.7231249993228712,7,5,1.4,OVERSTOCK,0,2,2.0,0.0,5.0,0.0
2017-08-07,33,HOME CARE,1605,Quevedo,Los Rios,C,3,1.624781251376675,2608,1926,1.3541017653167187,OVERSTOCK,0,682,647.0,0.0,1961.0,0.0
2017-08-07,33,LADIESWEAR,4,Quevedo,Los Rios,C,3,0.986658808587526,4,5,0.8,SHORTAGE,1,0,0.0,1.0,5.0,0.0
2017-08-07,33,LAWN AND GARDEN,4,Quevedo,Los Rios,C,3,1.2534580824496075,5,5,1.0,BALANCED,0,0,0.0,0.0,5.0,0.0
2017-08-07,33,LINGERIE,76,Quevedo,Los Rios,C,3,1.1877891073109552,90,91,0.989010989010989,BALANCED,1,0,0.0,0.0,90.0,1.0
2017-08-07,33,"LIQUOR,WINE,BEER",206,Quevedo,Los Rios,C,3,1.358643000137835,280,247,1.1336032388663968,OVERSTOCK,0,33,33.0,0.0,247.0,0.0
2017-08-07,33,MAGAZINES,8,Quevedo,Los Rios,C,3,1.0009335203505068,8,10,0.8,SHORTAGE,2,0,0.0,0.0,8.0,2.0
2017-08-07,33,MEATS,1855,Quevedo,Los Rios,C,3,0.8930460009190659,1657,2226,0.7443845462713388,SHORTAGE,569,0,0.0,569.0,2226.0,0.0
2017-08-07,33,PERSONAL CARE,1544,Quevedo,Los Rios,C,3,1.6952062023066434,2617,1853,1.4123043712898002,OVERSTOCK,0,764,764.0,0.0,1853.0,0.0
2017-08-07,33,PET SUPPLIES,11,Quevedo,Los Rios,C,3,1.7086493993982077,19,13,1.4615384615384615,OVERSTOCK,0,6,6.0,0.0,13.0,0.0
2017-08-07,33,PLAYERS AND ELECTRONICS,22,Quevedo,Los Rios,C,3,1.611987462914375,35,26,1.3461538461538463,OVERSTOCK,0,9,0.0,0.0,35.0,0.0
2017-08-07,33,POULTRY,1635,Quevedo,Los Rios,C,3,1.7738453169174737,2900,1962,1.4780835881753314,OVERSTOCK,0,938,938.0,0.0,1962.0,0.0
2017-08-07,33,PREPARED FOODS,167,Quevedo,Los Rios,C,3,1.4939898309356263,249,200,1.245,OVERSTOCK,0,49,49.0,0.0,200.0,0.0
2017-08-07,33,PRODUCE,9244,Quevedo,Los Rios,C,3,1.5176006742743997,14029,11093,1.264671414405481,OVERSTOCK,0,2936,0.0,0.0,14029.0,0.0
2017-08-07,33,SCHOOL AND OFFICE SUPPLIES,4,Quevedo,Los Rios,C,3,1.515108110355169,6,5,1.2,OVERSTOCK,0,1,1.0,0.0,5.0,0.0
2017-08-07,33,SEAFOOD,0,Quevedo,Los Rios,C,3,1.1767291571307679,0,0,0.0,SHORTAGE,0,0,0.0,0.0,0.0,0.0
2017-08-07,34,AUTOMOTIVE,18,Guayaquil,Guayas,B,6,1.1477426334171261,21,22,0.9545454545454546,BALANCED,1,0,0.0,0.0,21.0,1.0
2017-08-07,34,BABY CARE,3,Guayaquil,Guayas,B,6,0.8882715313788038,3,4,0.75,SHORTAGE,1,0,0.0,1.0,4.0,0.0
2017-08-07,34,BEAUTY,0,Guayaquil,Guayas,B,6,1.3737830332311487,0,0,0.0,SHORTAGE,0,0,0.0,0.0,0.0,0.0
2017-08-07,34,BEVERAGES,17360,Guayaquil,Guayas,B,6,0.9471841633228014,16443,20832,0.7893145161290323,SHORTAGE,4389,0,0.0,4389.0,20832.0,0.0
2017-08-07,34,BOOKS,3,Guayaquil,Guayas,B,6,0.9093700916428253,3,4,0.75,SHORTAGE,1,0,0.0,1.0,4.0,0.0
2017-08-07,34,BREAD/BAKERY,4747,Guayaquil,Guayas,B,6,1.3031536489152657,6186,5696,1.0860252808988764,BALANCED,0,0,0.0,0.0,6186.0,0.0
2017-08-07,34,CELEBRATION,26,Guayaquil,Guayas,B,6,1.0919788658700518,28,31,0.9032258064516129,BALANCED,3,0,0.0,0.0,28.0,3.0
2017-08-07,34,CLEANING,6463,Guayaquil,Guayas,B,6,0.8626279305535587,5575,7756,0.7187983496647756,SHORTAGE,2181,0,0.0,0.0,5575.0,2181.0
2017-08-07,34,DAIRY,4826,Guayaquil,Guayas,B,6,1.5792672201033975,7622,5791,1.316180279744431,OVERSTOCK,0,1831,1831.0,0.0,5791.0,0.0
2017-08-07,34,DELI,1666,Guayaquil,Guayas,B,6,1.6326839031532514,2720,1999,1.360680340170085,OVERSTOCK,0,721,721.0,0.0,1999.0,0.0
2017-08-07,34,EGGS,697,Guayaquil,Guayas,B,6,0.8012394236133371,558,836,0.6674641148325359,SHORTAGE,278,0,0.0,0.0,558.0,278.0
2017-08-07,34,FROZEN FOODS,546,Guayaquil,Guayas,B,6,0.6090084393599998,333,655,0.5083969465648855,SHORTAGE,322,0,0.0,322.0,655.0,0.0
2017-08-07,34,GROCERY I,26226,Guayaquil,Guayas,B,6,1.0033559622352486,26314,31471,0.8361348543103174,SHORTAGE,5157,0,0.0,5157.0,31471.0,0.0
2017-08-07,34,GROCERY II,31,Guayaquil,Guayas,B,6,1.5570130028169031,48,37,1.2972972972972974,OVERSTOCK,0,11,11.0,0.0,37.0,0.0
2017-08-07,34,HARDWARE,16,Guayaquil,Guayas,B,6,1.6070086394811895,26,19,1.368421052631579,OVERSTOCK,0,7,4.0,0.0,22.0,0.0
2017-08-07,34,HOME AND KITCHEN I,239,Guayaquil,Guayas,B,6,0.7659948841392591,183,287,0.6376306620209059,SHORTAGE,104,0,0.0,104.0,287.0,0.0
2017-08-07,34,HOME AND KITCHEN II,264,Guayaquil,Guayas,B,6,1.5292030814196615,404,317,1.274447949526814,OVERSTOCK,0,87,27.0,0.0,377.0,0.0
2017-08-07,34,HOME APPLIANCES,4,Guayaquil,Guayas,B,6,0.7388450007713153,3,5,0.6,SHORTAGE,2,0,0.0,0.0,3.0,2.0
2017-08-07,34,HOME CARE,1638,Guayaquil,Guayas,B,6,1.068075108187835,1750,1966,0.8901322482197355,SHORTAGE,216,0,0.0,216.0,1966.0,0.0
2017-08-07,34,LADIESWEAR,9,Guayaquil,Guayas,B,6,1.798331418014299,16,11,1.4545454545454546,OVERSTOCK,0,5,0.0,0.0,16.0,0.0
2017-08-07,34,LAWN AND GARDEN,32,Guayaquil,Guayas,B,6,0.8311089878770918,27,38,0.7105263157894737,SHORTAGE,11,0,0.0,11.0,38.0,0.0
2017-08-07,34,LINGERIE,22,Guayaquil,Guayas,B,6,0.7847562990931517,17,26,0.6538461538461539,SHORTAGE,9,0,0.0,0.0,17.0,9.0
2017-08-07,34,"LIQUOR,WINE,BEER",238,Guayaquil,Guayas,B,6,1.1073603990561522,264,286,0.9230769230769231,BALANCED,22,0,0.0,0.0,264.0,22.0
2017-08-07,34,MAGAZINES,9,Guayaquil,Guayas,B,6,1.3436022311638338,12,11,1.0909090909090908,BALANCED,0,0,0.0,0.0,12.0,0.0
2017-08-07,34,MEATS,1301,Guayaquil,Guayas,B,6,1.719480938895904,2237,1561,1.433055733504164,OVERSTOCK,0,676,676.0,0.0,1561.0,0.0
2017-08-07,34,PERSONAL CARE,1920,Guayaquil,Guayas,B,6,1.7769853746396411,3412,2304,1.4809027777777777,OVERSTOCK,0,1108,1108.0,0.0,2304.0,0.0
2017-08-07,34,PET SUPPLIES,22,Guayaquil,Guayas,B,6,0.6835687639096736,15,26,0.5769230769230769,SHORTAGE,11,0,0.0,0.0,15.0,11.0
2017-08-07,34,PLAYERS AND ELECTRONICS,44,Guayaquil,Guayas,B,6,0.7655970208174864,34,53,0.6415094339622641,SHORTAGE,19,0,0.0,19.0,53.0,0.0
2017-08-07,34,POULTRY,1099,Guayaquil,Guayas,B,6,1.5488855686751928,1702,1319,1.290371493555724,OVERSTOCK,0,383,383.0,0.0,1319.0,0.0
2017-08-07,34,PREPARED FOODS,167,Guayaquil,Guayas,B,6,0.9247585827250325,154,200,0.77,SHORTAGE,46,0,0.0,46.0,200.0,0.0
2017-08-07,34,PRODUCE,4987,Guayaquil,Guayas,B,6,1.661818871407633,8287,5984,1.3848596256684491,OVERSTOCK,0,2303,0.0,0.0,8287.0,0.0
2017-08-07,34,SCHOOL AND OFFICE SUPPLIES,23,Guayaquil,Guayas,B,6,1.3961439086749041,32,28,1.1428571428571428,OVERSTOCK,0,4,4.0,0.0,28.0,0.0
2017-08-07,34,SEAFOOD,2,Guayaquil,Guayas,B,6,0.7342137628568126,1,2,0.5,SHORTAGE,1,0,0.0,0.0,1.0,1.0
2017-08-07,35,AUTOMOTIVE,18,Playas,Guayas,C,3,1.5990351419088087,29,22,1.3181818181818181,OVERSTOCK,0,7,7.0,0.0,22.0,0.0
2017-08-07,35,BABY CARE,3,Playas,Guayas,C,3,0.811627656009691,2,4,0.5,SHORTAGE,2,0,0.0,2.0,4.0,0.0
2017-08-07,35,BEAUTY,0,Playas,Guayas,C,3,1.1081944736155847,0,0,0.0,SHORTAGE,0,0,0.0,0.0,0.0,0.0
2017-08-07,35,BEVERAGES,11233,Playas,Guayas,C,3,1.262621914271196,14183,13480,1.0521513353115728,BALANCED,0,0,0.0,0.0,14183.0,0.0
2017-08-07,35,BOOKS,3,Playas,Guayas,C,3,1.200919378896334,4,4,1.0,BALANCED,0,0,0.0,0.0,4.0,0.0
2017-08-07,35,BREAD/BAKERY,769,Playas,Guayas,C,3,1.4233954987381805,1095,923,1.1863488624052005,OVERSTOCK,0,172,172.0,0.0,923.0,0.0
2017-08-07,35,CELEBRATION,17,Playas,Guayas,C,3,1.3832240818431063,24,20,1.2,OVERSTOCK,0,4,4.0,0.0,20.0,0.0
2017-08-07,35,CLEANING,3473,Playas,Guayas,C,3,1.790450406633666,6218,4168,1.4918426103646834,OVERSTOCK,0,2050,2050.0,0.0,4168.0,0.0
2017-08-07,35,DAIRY,1338,Playas,Guayas,C,3,1.7993062910690256,2407,1606,1.4987546699875467,OVERSTOCK,0,801,801.0,0.0,1606.0,0.0
2017-08-07,35,DELI,646,Playas,Guayas,C,3,1.2197512831627693,788,775,1.0167741935483872,BALANCED,0,0,0.0,0.0,788.0,0.0
2017-08-07,35,EGGS,993,Playas,Guayas,C,3,0.7142389043530368,709,1192,0.5947986577181208,SHORTAGE,483,0,0.0,0.0,709.0,483.0
2017-08-07,35,FROZEN FOODS,266,Playas,Guayas,C,3,1.4734119587624621,392,319,1.2288401253918495,OVERSTOCK,0,73,73.0,0.0,319.0,0.0
2017-08-07,35,GROCERY I,12882,Playas,Guayas,C,3,1.771996893859907,22827,15458,1.4767110881097167,OVERSTOCK,0,7369,4945.0,0.0,17882.0,0.0
2017-08-07,35,GROCERY II,38,Playas,Guayas,C,3,0.9819916651548244,37,46,0.8043478260869565,SHORTAGE,9,0,0.0,0.0,37.0,9.0
2017-08-07,35,HARDWARE,4,Playas,Guayas,C,3,1.1534506630050887,5,5,1.0,BALANCED,0,0,0.0,0.0,5.0,0.0
2017-08-07,35,HOME AND KITCHEN I,47,Playas,Guayas,C,3,1.1097323097785472,52,56,0.9285714285714286,BALANCED,4,0,0.0,0.0,52.0,4.0
2017-08-07,35,HOME AND KITCHEN II,31,Playas,Guayas,C,3,0.6617029854683152,21,37,0.5675675675675675,SHORTAGE,16,0,0.0,16.0,37.0,0.0
2017-08-07,35,HOME APPLIANCES,4,Playas,Guayas,C,3,1.4067173174681338,6,5,1.2,OVERSTOCK,0,1,1.0,0.0,5.0,0.0
2017-08-07,35,HOME CARE,755,Playas,Guayas,C,3,1.0240052340821615,773,906,0.8532008830022075,SHORTAGE,133,0,0.0,133.0,906.0,0.0
2017-08-07,35,LADIESWEAR,4,Playas,Guayas,C,3,1.5449566495578029,6,5,1.2,OVERSTOCK,0,1,0.0,0.0,6.0,0.0
2017-08-07,35,LAWN AND GARDEN,4,Playas,Guayas,C,3,1.5985440903383834,6,5,1.2,OVERSTOCK,0,1,0.0,0.0,6.0,0.0
2017-08-07,35,LINGERIE,4,Playas,Guayas,C,3,1.5854769439174146,6,5,1.2,OVERSTOCK,0,1,1.0,0.0,5.0,0.0
2017-08-07,35,"LIQUOR,WINE,BEER",284,Playas,Guayas,C,3,1.0999991976478563,312,341,0.9149560117302052,BALANCED,29,0,0.0,0.0,312.0,29.0
2017-08-07,35,MAGAZINES,4,Playas,Guayas,C,3,0.9858548186890794,4,5,0.8,SHORTAGE,1,0,0.0,0.0,4.0,1.0
2017-08-07,35,MEATS,1446,Playas,Guayas,C,3,1.498584935600466,2167,1735,1.2489913544668587,OVERSTOCK,0,432,432.0,0.0,1735.0,0.0
2017-08-07,35,PERSONAL CARE,716,Playas,Guayas,C,3,1.5616673206112677,1118,859,1.3015133876600697,OVERSTOCK,0,259,70.0,0.0,1048.0,0.0
2017-08-07,35,PET SUPPLIES,6,Playas,Guayas,C,3,1.1895089356696393,7,7,1.0,BALANCED,0,0,0.0,0.0,7.0,0.0
2017-08-07,35,PLAYERS AND ELECTRONICS,8,Playas,Guayas,C,3,1.6716372234435637,13,10,1.3,OVERSTOCK,0,3,3.0,0.0,10.0,0.0
2017-08-07,35,POULTRY,370,Playas,Guayas,C,3,0.77269043529427,286,444,0.6441441441441441,SHORTAGE,158,0,0.0,0.0,286.0,158.0
2017-08-07,35,PREPARED FOODS,101,Playas,Guayas,C,3,1.6548825355907524,167,121,1.3801652892561984,OVERSTOCK,0,46,46.0,0.0,121.0,0.0
2017-08-07,35,PRODUCE,2723,Playas,Guayas,C,3,0.7153142795662575,1948,3268,0.5960832313341493,SHORTAGE,1320,0,0.0,1320.0,3268.0,0.0
2017-08-07,35,SCHOOL AND OFFICE SUPPLIES,4,Playas,Guayas,C,3,0.7842306264655367,3,5,0.6,SHORTAGE,2,0,0.0,0.0,3.0,2.0
2017-08-07,35,SEAFOOD,6,Playas,Guayas,C,3,1.2406080159287525,7,7,1.0,BALANCED,0,0,0.0,0.0,7.0,0.0
2017-08-07,36,AUTOMOTIVE,21,Libertad,Guayas,E,10,0.681022176224898,14,25,0.56,SHORTAGE,11,0,0.0,11.0,25.0,0.0
2017-08-07,36,BABY CARE,3,Libertad,Guayas,E,10,0.6633685216801324,2,4,0.5,SHORTAGE,2,0,0.0,2.0,4.0,0.0
2017-08-07,36,BEAUTY,0,Libertad,Guayas,E,10,0.6006224929988466,0,0,0.0,SHORTAGE,0,0,0.0,0.0,0.0,0.0
2017-08-07,36,BEVERAGES,22006,Libertad,Guayas,E,10,1.1235799916331157,24726,26407,0.9363426364221608,BALANCED,1681,0,0.0,0.0,24726.0,1681.0
2017-08-07,36,BOOKS,3,Libertad,Guayas,E,10,1.5295486575506758,5,4,1.25,OVERSTOCK,0,1,0.0,0.0,5.0,0.0
2017-08-07,36,BREAD/BAKERY,3457,Libertad,Guayas,E,10,0.6418060203358987,2219,4148,0.5349566055930569,SHORTAGE,1929,0,0.0,1929.0,4148.0,0.0
2017-08-07,36,CELEBRATION,43,Libertad,Guayas,E,10,1.3827091277590267,59,52,1.1346153846153846,OVERSTOCK,0,7,7.0,0.0,52.0,0.0
2017-08-07,36,CLEANING,6189,Libertad,Guayas,E,10,1.5877527808994238,9827,7427,1.3231452807324626,OVERSTOCK,0,2400,2400.0,0.0,7427.0,0.0
2017-08-07,36,DAIRY,4580,Libertad,Guayas,E,10,0.8016010182934453,3671,5496,0.6679403202328966,SHORTAGE,1825,0,0.0,1825.0,5496.0,0.0
2017-08-07,36,DELI,1565,Libertad,Guayas,E,10,0.776236481785685,1215,1878,0.646964856230032,SHORTAGE,663,0,0.0,663.0,1878.0,0.0
2017-08-07,36,EGGS,1107,Libertad,Guayas,E,10,1.6329611683446434,1808,1328,1.3614457831325302,OVERSTOCK,0,480,480.0,0.0,1328.0,0.0
2017-08-07,36,FROZEN FOODS,655,Libertad,Guayas,E,10,1.5877495319401138,1040,786,1.3231552162849873,OVERSTOCK,0,254,254.0,0.0,786.0,0.0
2017-08-07,36,GROCERY I,24916,Libertad,Guayas,E,10,1.2467301195170244,31064,29899,1.0389645138633399,BALANCED,0,0,0.0,0.0,31064.0,0.0
2017-08-07,36,GROCERY II,38,Libertad,Guayas,E,10,1.5830398551527765,60,46,1.3043478260869565,OVERSTOCK,0,14,14.0,0.0,46.0,0.0
2017-08-07,36,HARDWARE,4,Libertad,Guayas,E,10,0.7113072929093938,3,5,0.6,SHORTAGE,2,0,0.0,2.0,5.0,0.0
2017-08-07,36,HOME AND KITCHEN I,119,Libertad,Guayas,E,10,1.0733778215265053,128,143,0.8951048951048951,SHORTAGE,15,0,0.0,0.0,128.0,15.0
2017-08-07,36,HOME AND KITCHEN II,59,Libertad,Guayas,E,10,1.4853570673276475,88,71,1.2394366197183098,OVERSTOCK,0,17,0.0,0.0,88.0,0.0
2017-08-07,36,HOME APPLIANCES,4,Libertad,Guayas,E,10,0.9089423511887561,4,5,0.8,SHORTAGE,1,0,0.0,0.0,4.0,1.0
2017-08-07,36,HOME CARE,1613,Libertad,Guayas,E,10,1.5027946973202635,2424,1936,1.2520661157024793,OVERSTOCK,0,488,488.0,0.0,1936.0,0.0
2017-08-07,36,LADIESWEAR,4,Libertad,Guayas,E,10,1.2050143252689767,5,5,1.0,BALANCED,0,0,0.0,0.0,5.0,0.0
2017-08-07,36,LAWN AND GARDEN,167,Libertad,Guayas,E,10,1.50031918553788,251,200,1.255,OVERSTOCK,0,51,0.0,0.0,251.0,0.0
2017-08-07,36,LINGERIE,22,Libertad,Guayas,E,10,1.1576155654287956,25,26,0.9615384615384616,BALANCED,1,0,0.0,0.0,25.0,1.0
2017-08-07,36,"LIQUOR,WINE,BEER",401,Libertad,Guayas,E,10,1.0414852082661812,418,481,0.8690228690228691,SHORTAGE,63,0,0.0,63.0,481.0,0.0
2017-08-07,36,MAGAZINES,4,Libertad,Guayas,E,10,0.8630270597743588,3,5,0.6,SHORTAGE,2,0,0.0,0.0,3.0,2.0
2017-08-07,36,MEATS,1750,Libertad,Guayas,E,10,0.8500552097220181,1488,2100,0.7085714285714285,SHORTAGE,612,0,0.0,612.0,2100.0,0.0
2017-08-07,36,PERSONAL CARE,1719,Libertad,Guayas,E,10,1.5017889726856752,2582,2063,1.2515753756665051,OVERSTOCK,0,519,463.0,0.0,2119.0,0.0
2017-08-07,36,PET SUPPLIES,18,Libertad,Guayas,E,10,0.7426924176407526,13,22,0.5909090909090909,SHORTAGE,9,0,0.0,0.0,13.0,9.0
2017-08-07,36,PLAYERS AND ELECTRONICS,23,Libertad,Guayas,E,10,0.7031788201331342,16,28,0.5714285714285714,SHORTAGE,12,0,0.0,12.0,28.0,0.0
2017-08-07,36,POULTRY,928,Libertad,Guayas,E,10,0.8115496380265562,753,1114,0.6759425493716338,SHORTAGE,361,0,0.0,295.0,1048.0,66.0
2017-08-07,36,PREPARED FOODS,300,Libertad,Guayas,E,10,0.8104158137447063,243,360,0.675,SHORTAGE,117,0,0.0,117.0,360.0,0.0
2017-08-07,36,PRODUCE,9785,Libertad,Guayas,E,10,1.5877291473682797,15536,11742,1.323113609265883,OVERSTOCK,0,3794,0.0,0.0,15536.0,0.0
2017-08-07,36,SCHOOL AND OFFICE SUPPLIES,7,Libertad,Guayas,E,10,1.078207948169055,8,8,1.0,BALANCED,0,0,0.0,0.0,8.0,0.0
2017-08-07,36,SEAFOOD,0,Libertad,Guayas,E,10,1.788466148832579,0,0,0.0,SHORTAGE,0,0,0.0,0.0,0.0,0.0
2017-08-07,37,AUTOMOTIVE,21,Cuenca,Azuay,D,2,0.7646535093487349,16,25,0.64,SHORTAGE,9,0,0.0,0.0,16.0,9.0
2017-08-07,37,BABY CARE,3,Cuenca,Azuay,D,2,1.384247790832372,4,4,1.0,BALANCED,0,0,0.0,0.0,4.0,0.0
2017-08-07,37,BEAUTY,59,Cuenca,Azuay,D,2,1.1384754086415008,67,71,0.9436619718309859,BALANCED,4,0,0.0,0.0,67.0,4.0
2017-08-07,37,BEVERAGES,20441,Cuenca,Azuay,D,2,1.0715018120364888,21903,24529,0.8929430470055852,SHORTAGE,2626,0,0.0,0.0,21903.0,2626.0
2017-08-07,37,BOOKS,3,Cuenca,Azuay,D,2,1.650101038864899,5,4,1.25,OVERSTOCK,0,1,0.0,0.0,5.0,0.0
2017-08-07,37,BREAD/BAKERY,3613,Cuenca,Azuay,D,2,1.7707147749940797,6398,4336,1.4755535055350553,OVERSTOCK,0,2062,2062.0,0.0,4336.0,0.0
2017-08-07,37,CELEBRATION,43,Cuenca,Azuay,D,2,1.6474307505290147,71,52,1.3653846153846154,OVERSTOCK,0,19,19.0,0.0,52.0,0.0
2017-08-07,37,CLEANING,6741,Cuenca,Azuay,D,2,0.8307608148421597,5600,8089,0.6922981827172704,SHORTAGE,2489,0,0.0,0.0,5600.0,2489.0
2017-08-07,37,DAIRY,6016,Cuenca,Azuay,D,2,0.8649575054507209,5204,7219,0.7208754675162765,SHORTAGE,2015,0,0.0,2015.0,7219.0,0.0
2017-08-07,37,DELI,1159,Cuenca,Azuay,D,2,1.3872886549140762,1608,1391,1.156002875629044,OVERSTOCK,0,217,51.0,0.0,1557.0,0.0
2017-08-07,37,EGGS,818,Cuenca,Azuay,D,2,0.9469002979658301,775,982,0.7892057026476579,SHORTAGE,207,0,0.0,0.0,775.0,207.0
2017-08-07,37,FROZEN FOODS,778,Cuenca,Azuay,D,2,1.481670156936696,1153,934,1.234475374732334,OVERSTOCK,0,219,38.0,0.0,1115.0,0.0
2017-08-07,37,GROCERY I,23415,Cuenca,Azuay,D,2,1.2797047809715736,29964,28098,1.0664104206705103,BALANCED,0,0,0.0,0.0,29964.0,0.0
2017-08-07,37,GROCERY II,364,Cuenca,Azuay,D,2,1.2610905221884836,459,437,1.0503432494279177,BALANCED,0,0,0.0,0.0,459.0,0.0
2017-08-07,37,HARDWARE,8,Cuenca,Azuay,D,2,1.594256309806543,13,10,1.3,OVERSTOCK,0,3,3.0,0.0,10.0,0.0
2017-08-07,37,HOME AND KITCHEN I,133,Cuenca,Azuay,D,2,1.4526393260912134,193,160,1.20625,OVERSTOCK,0,33,33.0,0.0,160.0,0.0
2017-08-07,37,HOME AND KITCHEN II,144,Cuenca,Azuay,D,2,0.63189331799675,91,173,0.5260115606936416,SHORTAGE,82,0,0.0,82.0,173.0,0.0
2017-08-07,37,HOME APPLIANCES,4,Cuenca,Azuay,D,2,0.6593509645752188,3,5,0.6,SHORTAGE,2,0,0.0,0.0,3.0,2.0
2017-08-07,37,HOME CARE,1730,Cuenca,Azuay,D,2,1.3218701429472188,2287,2076,1.1016377649325626,OVERSTOCK,0,211,211.0,0.0,2076.0,0.0
2017-08-07,37,LADIESWEAR,157,Cuenca,Azuay,D,2,1.1834304907467306,186,188,0.9893617021276596,BALANCED,2,0,0.0,2.0,188.0,0.0
2017-08-07,37,LAWN AND GARDEN,144,Cuenca,Azuay,D,2,0.9122215864115897,131,173,0.7572254335260116,SHORTAGE,42,0,0.0,42.0,173.0,0.0
2017-08-07,37,LINGERIE,9,Cuenca,Azuay,D,2,1.102387304777762,10,11,0.9090909090909091,BALANCED,1,0,0.0,0.0,10.0,1.0
2017-08-07,37,"LIQUOR,WINE,BEER",718,Cuenca,Azuay,D,2,1.5094923824794328,1084,862,1.25754060324826,OVERSTOCK,0,222,222.0,0.0,862.0,0.0
2017-08-07,37,MAGAZINES,44,Cuenca,Azuay,D,2,1.591933781589516,70,53,1.320754716981132,OVERSTOCK,0,17,17.0,0.0,53.0,0.0
2017-08-07,37,MEATS,1651,Cuenca,Azuay,D,2,1.273467681468053,2102,1981,1.0610802624936901,BALANCED,0,0,0.0,0.0,2102.0,0.0
2017-08-07,37,PERSONAL CARE,1861,Cuenca,Azuay,D,2,1.0624433770285235,1977,2233,0.8853560232870578,SHORTAGE,256,0,0.0,256.0,2233.0,0.0
2017-08-07,37,PET SUPPLIES,103,Cuenca,Azuay,D,2,0.9248361137941284,95,124,0.7661290322580645,SHORTAGE,29,0,0.0,0.0,95.0,29.0
2017-08-07,37,PLAYERS AND ELECTRONICS,99,Cuenca,Azuay,D,2,1.2263021649231043,121,119,1.0168067226890756,BALANCED,0,0,0.0,0.0,121.0,0.0
2017-08-07,37,POULTRY,1738,Cuenca,Azuay,D,2,0.9776995422772572,1699,2086,0.8144774688398849,SHORTAGE,387,0,0.0,387.0,2086.0,0.0
2017-08-07,37,PREPARED FOODS,471,Cuenca,Azuay,D,2,1.2769141644566675,601,565,1.063716814159292,BALANCED,0,0,0.0,0.0,601.0,0.0
2017-08-07,37,PRODUCE,17522,Cuenca,Azuay,D,2,1.4119828590115653,24741,21026,1.1766860077998669,OVERSTOCK,0,3715,0.0,0.0,24741.0,0.0
2017-08-07,37,SCHOOL AND OFFICE SUPPLIES,4,Cuenca,Azuay,D,2,0.6792950531032738,3,5,0.6,SHORTAGE,2,0,0.0,0.0,3.0,2.0
2017-08-07,37,SEAFOOD,38,Cuenca,Azuay,D,2,0.6012809580272966,23,46,0.5,SHORTAGE,23,0,0.0,0.0,23.0,23.0
2017-08-07,38,AUTOMOTIVE,43,Loja,Loja,D,4,0.8547325666088915,37,52,0.7115384615384616,SHORTAGE,15,0,0.0,15.0,52.0,0.0
2017-08-07,38,BABY CARE,3,Loja,Loja,D,4,1.6734137972625374,5,4,1.25,OVERSTOCK,0,1,0.0,0.0,5.0,0.0
2017-08-07,38,BEAUTY,37,Loja,Loja,D,4,1.375548915874271,51,44,1.1590909090909092,OVERSTOCK,0,7,7.0,0.0,44.0,0.0
2017-08-07,38,BEVERAGES,21614,Loja,Loja,D,4,0.8063524223244274,17429,25937,0.6719743995064965,SHORTAGE,8508,0,0.0,8508.0,25937.0,0.0
2017-08-07,38,BOOKS,3,Loja,Loja,D,4,1.6683167541883426,5,4,1.25,OVERSTOCK,0,1,0.0,0.0,5.0,0.0
2017-08-07,38,BREAD/BAKERY,3416,Loja,Loja,D,4,1.163947128344808,3976,4099,0.9699926811417419,BALANCED,123,0,0.0,0.0,3976.0,123.0
2017-08-07,38,CELEBRATION,43,Loja,Loja,D,4,1.1713101080143928,50,52,0.9615384615384616,BALANCED,2,0,0.0,0.0,50.0,2.0
2017-08-07,38,CLEANING,7690,Loja,Loja,D,4,1.7226503326111862,13247,9228,1.4355223233636758,OVERSTOCK,0,4019,4019.0,0.0,9228.0,0.0
2017-08-07,38,DAIRY,5486,Loja,Loja,D,4,0.671384030620008,3683,6583,0.5594713656387665,SHORTAGE,2900,0,0.0,2900.0,6583.0,0.0
2017-08-07,38,DELI,1012,Loja,Loja,D,4,0.8582139295544623,869,1214,0.7158154859967051,SHORTAGE,345,0,0.0,345.0,1214.0,0.0
2017-08-07,38,EGGS,665,Loja,Loja,D,4,1.302925590185667,866,798,1.0852130325814537,BALANCED,0,0,0.0,0.0,866.0,0.0
2017-08-07,38,FROZEN FOODS,750,Loja,Loja,D,4,0.8345838114984049,626,900,0.6955555555555556,SHORTAGE,274,0,0.0,274.0,900.0,0.0
2017-08-07,38,GROCERY I,25230,Loja,Loja,D,4,1.4154324110507495,35711,30276,1.1795151274937243,OVERSTOCK,0,5435,0.0,0.0,35711.0,0.0
2017-08-07,38,GROCERY II,157,Loja,Loja,D,4,0.8569107472040642,135,188,0.7180851063829787,SHORTAGE,53,0,0.0,0.0,135.0,53.0
2017-08-07,38,HARDWARE,9,Loja,Loja,D,4,0.7189883647185772,6,11,0.5454545454545454,SHORTAGE,5,0,0.0,5.0,11.0,0.0
2017-08-07,38,HOME AND KITCHEN I,254,Loja,Loja,D,4,0.8483821915690077,215,305,0.7049180327868853,SHORTAGE,90,0,0.0,90.0,305.0,0.0
2017-08-07,38,HOME AND KITCHEN II,692,Loja,Loja,D,4,1.1072808411264747,766,830,0.9228915662650602,BALANCED,64,0,0.0,64.0,830.0,0.0
2017-08-07,38,HOME APPLIANCES,4,Loja,Loja,D,4,0.8113659590076958,3,5,0.6,SHORTAGE,2,0,0.0,0.0,3.0,2.0
2017-08-07,38,HOME CARE,2349,Loja,Loja,D,4,0.7616304299080168,1789,2819,0.6346222064561902,SHORTAGE,1030,0,0.0,1030.0,2819.0,0.0
2017-08-07,38,LADIESWEAR,146,Loja,Loja,D,4,1.6323382634627293,238,175,1.36,OVERSTOCK,0,63,35.0,0.0,203.0,0.0
2017-08-07,38,LAWN AND GARDEN,119,Loja,Loja,D,4,0.9844766443167694,117,143,0.8181818181818182,SHORTAGE,26,0,0.0,26.0,143.0,0.0
2017-08-07,38,LINGERIE,44,Loja,Loja,D,4,1.0329104238219045,45,53,0.8490566037735849,SHORTAGE,8,0,0.0,0.0,45.0,8.0
2017-08-07,38,"LIQUOR,WINE,BEER",661,Loja,Loja,D,4,0.6663244914014731,440,793,0.5548549810844893,SHORTAGE,353,0,0.0,353.0,793.0,0.0
2017-08-07,38,MAGAZINES,60,Loja,Loja,D,4,1.028843548202465,62,72,0.8611111111111112,SHORTAGE,10,0,0.0,0.0,62.0,10.0
2017-08-07,38,MEATS,1213,Loja,Loja,D,4,0.9177686127858956,1113,1456,0.7644230769230769,SHORTAGE,343,0,0.0,0.0,1113.0,343.0
2017-08-07,38,PERSONAL CARE,3011,Loja,Loja,D,4,1.3325820808101463,4012,3613,1.1104345419319126,OVERSTOCK,0,399,210.0,0.0,3802.0,0.0
2017-08-07,38,PET SUPPLIES,44,Loja,Loja,D,4,0.8464683572068881,37,53,0.6981132075471698,SHORTAGE,16,0,0.0,0.0,37.0,16.0
2017-08-07,38,PLAYERS AND ELECTRONICS,60,Loja,Loja,D,4,1.6660385436754088,100,72,1.3888888888888888,OVERSTOCK,0,28,14.0,0.0,86.0,0.0
2017-08-07,38,POULTRY,928,Loja,Loja,D,4,1.7155999451034663,1592,1114,1.429084380610413,OVERSTOCK,0,478,478.0,0.0,1114.0,0.0
2017-08-07,38,PREPARED FOODS,615,Loja,Loja,D,4,0.7197972686121482,443,738,0.6002710027100271,SHORTAGE,295,0,0.0,295.0,738.0,0.0
2017-08-07,38,PRODUCE,14079,Loja,Loja,D,4,0.7288835475462927,10262,16895,0.6073986386504883,SHORTAGE,6633,0,0.0,6633.0,16895.0,0.0
2017-08-07,38,SCHOOL AND OFFICE SUPPLIES,4,Loja,Loja,D,4,0.7383917257331856,3,5,0.6,SHORTAGE,2,0,0.0,0.0,3.0,2.0
2017-08-07,38,SEAFOOD,86,Loja,Loja,D,4,1.3434831075723745,116,103,1.1262135922330097,OVERSTOCK,0,13,13.0,0.0,103.0,0.0
2017-08-07,39,AUTOMOTIVE,59,Cuenca,Azuay,B,6,0.7463627570515474,44,71,0.6197183098591549,SHORTAGE,27,0,0.0,27.0,71.0,0.0
2017-08-07,39,BABY CARE,12,Cuenca,Azuay,B,6,1.6228587815163198,19,14,1.3571428571428572,OVERSTOCK,0,5,3.0,0.0,16.0,0.0
2017-08-07,39,BEAUTY,13,Cuenca,Azuay,B,6,1.5051258179254712,20,16,1.25,OVERSTOCK,0,4,4.0,0.0,16.0,0.0
2017-08-07,39,BEVERAGES,25169,Cuenca,Azuay,B,6,1.583770629885629,39862,30203,1.3198026686090785,OVERSTOCK,0,9659,9659.0,0.0,30203.0,0.0
2017-08-07,39,BOOKS,12,Cuenca,Azuay,B,6,1.2312726322632253,15,14,1.0714285714285714,BALANCED,0,0,0.0,0.0,15.0,0.0
2017-08-07,39,BREAD/BAKERY,5026,Cuenca,Azuay,B,6,1.7960126538229844,9027,6031,1.4967667053556624,OVERSTOCK,0,2996,2996.0,0.0,6031.0,0.0
2017-08-07,39,CELEBRATION,34,Cuenca,Azuay,B,6,0.6530101235329935,22,41,0.5365853658536586,SHORTAGE,19,0,0.0,0.0,22.0,19.0
2017-08-07,39,CLEANING,17367,Cuenca,Azuay,B,6,1.081517957023336,18783,20840,0.901295585412668,BALANCED,2057,0,0.0,0.0,18783.0,2057.0
2017-08-07,39,DAIRY,4418,Cuenca,Azuay,B,6,0.9887240027251635,4368,5302,0.8238400603545831,SHORTAGE,934,0,0.0,0.0,4368.0,934.0
2017-08-07,39,DELI,1469,Cuenca,Azuay,B,6,1.7383745984551693,2554,1763,1.448667044809983,OVERSTOCK,0,791,623.0,0.0,1931.0,0.0
2017-08-07,39,EGGS,3553,Cuenca,Azuay,B,6,1.2922331501971116,4591,4264,1.076688555347092,BALANCED,0,0,0.0,0.0,4591.0,0.0
2017-08-07,39,FROZEN FOODS,595,Cuenca,Azuay,B,6,1.5674291585336704,933,714,1.3067226890756303,OVERSTOCK,0,219,0.0,0.0,933.0,0.0
2017-08-07,39,GROCERY I,36517,Cuenca,Azuay,B,6,0.8044094323902227,29375,43820,0.6703560018256504,SHORTAGE,14445,0,0.0,14445.0,43820.0,0.0
2017-08-07,39,GROCERY II,198,Cuenca,Azuay,B,6,1.7743609726805267,351,238,1.4747899159663866,OVERSTOCK,0,113,113.0,0.0,238.0,0.0
2017-08-07,39,HARDWARE,22,Cuenca,Azuay,B,6,1.1983674562515783,26,26,1.0,BALANCED,0,0,0.0,0.0,26.0,0.0
2017-08-07,39,HOME AND KITCHEN I,153,Cuenca,Azuay,B,6,1.192406491524775,182,184,0.9891304347826086,BALANCED,2,0,0.0,0.0,182.0,2.0
2017-08-07,39,HOME AND KITCHEN II,128,Cuenca,Azuay,B,6,1.7650616742548855,226,154,1.4675324675324675,OVERSTOCK,0,72,72.0,0.0,154.0,0.0
2017-08-07,39,HOME APPLIANCES,13,Cuenca,Azuay,B,6,1.056878833460574,14,16,0.875,SHORTAGE,2,0,0.0,2.0,16.0,0.0
2017-08-07,39,HOME CARE,2471,Cuenca,Azuay,B,6,1.0770300294659916,2661,2965,0.8974704890387858,SHORTAGE,304,0,0.0,304.0,2965.0,0.0
2017-08-07,39,LADIESWEAR,35,Cuenca,Azuay,B,6,1.3017032433659241,46,42,1.0952380952380953,BALANCED,0,0,0.0,0.0,46.0,0.0
2017-08-07,39,LAWN AND GARDEN,94,Cuenca,Azuay,B,6,0.7536631326573443,71,113,0.6283185840707964,SHORTAGE,42,0,0.0,42.0,113.0,0.0
2017-08-07,39,LINGERIE,78,Cuenca,Azuay,B,6,0.9853027516942259,77,94,0.8191489361702128,SHORTAGE,17,0,0.0,0.0,77.0,17.0
2017-08-07,39,"LIQUOR,WINE,BEER",338,Cuenca,Azuay,B,6,0.8318499869341567,281,406,0.6921182266009852,SHORTAGE,125,0,0.0,125.0,406.0,0.0
2017-08-07,39,MAGAZINES,15,Cuenca,Azuay,B,6,0.7239401749284595,11,18,0.6111111111111112,SHORTAGE,7,0,0.0,0.0,11.0,7.0
2017-08-07,39,MEATS,1279,Cuenca,Azuay,B,6,1.6393735275972243,2097,1535,1.3661237785016287,OVERSTOCK,0,562,562.0,0.0,1535.0,0.0
2017-08-07,39,PERSONAL CARE,2345,Cuenca,Azuay,B,6,1.3071973993529713,3065,2814,1.0891968727789623,BALANCED,0,0,0.0,0.0,3065.0,0.0
2017-08-07,39,PET SUPPLIES,53,Cuenca,Azuay,B,6,1.0304073498334936,55,64,0.859375,SHORTAGE,9,0,0.0,0.0,55.0,9.0
2017-08-07,39,PLAYERS AND ELECTRONICS,60,Cuenca,Azuay,B,6,1.0904032528400553,65,72,0.9027777777777778,BALANCED,7,0,0.0,7.0,72.0,0.0
2017-08-07,39,POULTRY,1685,Cuenca,Azuay,B,6,1.1178228044248255,1884,2022,0.9317507418397626,BALANCED,138,0,0.0,0.0,1884.0,138.0
2017-08-07,39,PREPARED FOODS,324,Cuenca,Azuay,B,6,1.3597790185736514,441,389,1.1336760925449871,OVERSTOCK,0,52,52.0,0.0,389.0,0.0
2017-08-07,39,PRODUCE,12387,Cuenca,Azuay,B,6,1.712123269786792,21208,14864,1.4268030139935415,OVERSTOCK,0,6344,813.0,0.0,20395.0,0.0
2017-08-07,39,SCHOOL AND OFFICE SUPPLIES,31,Cuenca,Azuay,B,6,1.7193355435883793,53,37,1.4324324324324325,OVERSTOCK,0,16,16.0,0.0,37.0,0.0
2017-08-07,39,SEAFOOD,109,Cuenca,Azuay,B,6,1.0697903754367961,117,131,0.8931297709923665,SHORTAGE,14,0,0.0,0.0,117.0,14.0
2017-08-07,40,AUTOMOTIVE,29,Machala,El Oro,C,3,0.9951149515173235,29,35,0.8285714285714286,SHORTAGE,6,0,0.0,0.0,29.0,6.0
2017-08-07,40,BABY CARE,12,Machala,El Oro,C,3,1.141255800222306,14,14,1.0,BALANCED,0,0,0.0,0.0,14.0,0.0
2017-08-07,40,BEAUTY,13,Machala,El Oro,C,3,1.2815210765141911,17,16,1.0625,BALANCED,0,0,0.0,0.0,17.0,0.0
2017-08-07,40,BEVERAGES,32299,Machala,El Oro,C,3,1.154181493739698,37279,38759,0.9618153203127016,BALANCED,1480,0,0.0,0.0,37279.0,1480.0
2017-08-07,40,BOOKS,12,Machala,El Oro,C,3,1.3905040917800413,17,14,1.2142857142857142,OVERSTOCK,0,3,2.0,0.0,15.0,0.0
2017-08-07,40,BREAD/BAKERY,3188,Machala,El Oro,C,3,1.2652788280557166,4034,3826,1.0543648719289074,BALANCED,0,0,0.0,0.0,4034.0,0.0
2017-08-07,40,CELEBRATION,34,Machala,El Oro,C,3,0.9848586560328914,33,41,0.8048780487804879,SHORTAGE,8,0,0.0,0.0,33.0,8.0
2017-08-07,40,CLEANING,14059,Machala,El Oro,C,3,1.0148769669151592,14268,16871,0.8457115760772924,SHORTAGE,2603,0,0.0,0.0,14268.0,2603.0
2017-08-07,40,DAIRY,4758,Machala,El Oro,C,3,1.0543113450716772,5016,5710,0.8784588441330998,SHORTAGE,694,0,0.0,0.0,5016.0,694.0
2017-08-07,40,DELI,1958,Machala,El Oro,C,3,0.7135677218992664,1397,2350,0.5944680851063829,SHORTAGE,953,0,0.0,953.0,2350.0,0.0
2017-08-07,40,EGGS,1278,Machala,El Oro,C,3,0.7992751588967677,1021,1534,0.665580182529335,SHORTAGE,513,0,0.0,0.0,1021.0,513.0
2017-08-07,40,FROZEN FOODS,412,Machala,El Oro,C,3,1.4677365625744634,605,494,1.2246963562753037,OVERSTOCK,0,111,4.0,0.0,601.0,0.0
2017-08-07,40,GROCERY I,37153,Machala,El Oro,C,3,1.0669160538264961,39639,44584,0.8890857706800646,SHORTAGE,4945,0,0.0,4945.0,44584.0,0.0
2017-08-07,40,GROCERY II,84,Machala,El Oro,C,3,0.8574467670721724,72,101,0.7128712871287128,SHORTAGE,29,0,0.0,0.0,72.0,29.0
2017-08-07,40,HARDWARE,27,Machala,El Oro,C,3,1.2752068926898288,34,32,1.0625,BALANCED,0,0,0.0,0.0,34.0,0.0
2017-08-07,40,HOME AND KITCHEN I,194,Machala,El Oro,C,3,1.506647450968113,292,233,1.2532188841201717,OVERSTOCK,0,59,59.0,0.0,233.0,0.0
2017-08-07,40,HOME AND KITCHEN II,153,Machala,El Oro,C,3,0.9089068348144457,139,184,0.7554347826086957,SHORTAGE,45,0,0.0,45.0,184.0,0.0
2017-08-07,40,HOME APPLIANCES,13,Machala,El Oro,C,3,1.5921478583084936,21,16,1.3125,OVERSTOCK,0,5,5.0,0.0,16.0,0.0
2017-08-07,40,HOME CARE,3268,Machala,El Oro,C,3,1.7130058315500596,5598,3922,1.4273329933707293,OVERSTOCK,0,1676,1577.0,0.0,4021.0,0.0
2017-08-07,40,LADIESWEAR,13,Machala,El Oro,C,3,1.3168734348886089,17,16,1.0625,BALANCED,0,0,0.0,0.0,17.0,0.0
2017-08-07,40,LAWN AND GARDEN,13,Machala,El Oro,C,3,1.4027371907898956,18,16,1.125,OVERSTOCK,0,2,2.0,0.0,16.0,0.0
2017-08-07,40,LINGERIE,77,Machala,El Oro,C,3,0.6630911883876665,51,92,0.5543478260869565,SHORTAGE,41,0,0.0,26.0,77.0,15.0
2017-08-07,40,"LIQUOR,WINE,BEER",276,Machala,El Oro,C,3,1.7346238692262879,479,331,1.447129909365559,OVERSTOCK,0,148,148.0,0.0,331.0,0.0
2017-08-07,40,MAGAZINES,18,Machala,El Oro,C,3,1.0709816811179327,19,22,0.8636363636363636,SHORTAGE,3,0,0.0,0.0,19.0,3.0
2017-08-07,40,MEATS,1071,Machala,El Oro,C,3,1.708680480654516,1830,1285,1.424124513618677,OVERSTOCK,0,545,545.0,0.0,1285.0,0.0
2017-08-07,40,PERSONAL CARE,2350,Machala,El Oro,C,3,1.294773029700291,3043,2820,1.0790780141843972,BALANCED,0,0,0.0,0.0,3043.0,0.0
2017-08-07,40,PET SUPPLIES,30,Machala,El Oro,C,3,0.6055425586119931,18,36,0.5,SHORTAGE,18,0,0.0,0.0,18.0,18.0
2017-08-07,40,PLAYERS AND ELECTRONICS,77,Machala,El Oro,C,3,0.6462503991881229,50,92,0.5434782608695652,SHORTAGE,42,0,0.0,42.0,92.0,0.0
2017-08-07,40,POULTRY,1303,Machala,El Oro,C,3,1.4165025668039064,1846,1564,1.180306905370844,OVERSTOCK,0,282,282.0,0.0,1564.0,0.0
2017-08-07,40,PREPARED FOODS,400,Machala,El Oro,C,3,1.2752016165983198,510,480,1.0625,BALANCED,0,0,0.0,0.0,510.0,0.0
2017-08-07,40,PRODUCE,8461,Machala,El Oro,C,3,0.6318389246472892,5346,10153,0.5265438786565547,SHORTAGE,4807,0,0.0,4807.0,10153.0,0.0
2017-08-07,40,SCHOOL AND OFFICE SUPPLIES,13,Machala,El Oro,C,3,1.4921519534668626,19,16,1.1875,OVERSTOCK,0,3,3.0,0.0,16.0,0.0
2017-08-07,40,SEAFOOD,27,Machala,El Oro,C,3,1.6225744044830182,44,32,1.375,OVERSTOCK,0,12,12.0,0.0,32.0,0.0
2017-08-07,41,AUTOMOTIVE,76,Machala,El Oro,D,4,1.19570097892717,91,91,1.0,BALANCED,0,0,0.0,0.0,91.0,0.0
2017-08-07,41,BABY CARE,12,Machala,El Oro,D,4,1.158908928428706,14,14,1.0,BALANCED,0,0,0.0,0.0,14.0,0.0
2017-08-07,41,BEAUTY,48,Machala,El Oro,D,4,0.606567730601553,29,58,0.5,SHORTAGE,29,0,0.0,0.0,29.0,29.0
2017-08-07,41,BEVERAGES,19512,Machala,El Oro,D,4,1.5439796549923193,30126,23414,1.2866660972067994,OVERSTOCK,0,6712,6712.0,0.0,23414.0,0.0
2017-08-07,41,BOOKS,12,Machala,El Oro,D,4,0.9968592800953265,12,14,0.8571428571428571,SHORTAGE,2,0,0.0,2.0,14.0,0.0
2017-08-07,41,BREAD/BAKERY,3555,Machala,El Oro,D,4,1.6545163437390475,5882,4266,1.3788091889357712,OVERSTOCK,0,1616,1616.0,0.0,4266.0,0.0
2017-08-07,41,CELEBRATION,76,Machala,El Oro,D,4,1.0476727050696637,80,91,0.8791208791208791,SHORTAGE,11,0,0.0,0.0,80.0,11.0
2017-08-07,41,CLEANING,8294,Machala,El Oro,D,4,1.2780934927568468,10601,9953,1.0651059981915,BALANCED,0,0,0.0,0.0,10601.0,0.0
2017-08-07,41,DAIRY,5211,Machala,El Oro,D,4,0.924410145839193,4817,6253,0.7703502318886934,SHORTAGE,1436,0,0.0,0.0,4817.0,1436.0
2017-08-07,41,DELI,1654,Machala,El Oro,D,4,0.7927059751019024,1311,1985,0.6604534005037783,SHORTAGE,674,0,0.0,674.0,1985.0,0.0
2017-08-07,41,EGGS,938,Machala,El Oro,D,4,1.5298894840575936,1435,1126,1.2744227353463589,OVERSTOCK,0,309,309.0,0.0,1126.0,0.0
2017-08-07,41,FROZEN FOODS,988,Machala,El Oro,D,4,1.195908574615538,1182,1186,0.9966273187183811,BALANCED,4,0,0.0,4.0,1186.0,0.0
2017-08-07,41,GROCERY I,27081,Machala,El Oro,D,4,1.243785508502701,33683,32497,1.0364956765239868,BALANCED,0,0,0.0,0.0,33683.0,0.0
2017-08-07,41,GROCERY II,291,Machala,El Oro,D,4,1.7584991441780826,512,349,1.4670487106017192,OVERSTOCK,0,163,163.0,0.0,349.0,0.0
2017-08-07,41,HARDWARE,16,Machala,El Oro,D,4,1.7562958946665845,28,19,1.4736842105263157,OVERSTOCK,0,9,4.0,0.0,24.0,0.0
2017-08-07,41,HOME AND KITCHEN I,141,Machala,El Oro,D,4,1.6267705460428843,229,169,1.3550295857988166,OVERSTOCK,0,60,60.0,0.0,169.0,0.0
2017-08-07,41,HOME AND KITCHEN II,245,Machala,El Oro,D,4,0.8251311513180403,202,294,0.6870748299319728,SHORTAGE,92,0,0.0,92.0,294.0,0.0
2017-08-07,41,HOME APPLIANCES,13,Machala,El Oro,D,4,1.313127233161896,17,16,1.0625,BALANCED,0,0,0.0,0.0,17.0,0.0
2017-08-07,41,HOME CARE,1877,Machala,El Oro,D,4,1.653776909586645,3104,2252,1.3783303730017762,OVERSTOCK,0,852,760.0,0.0,2344.0,0.0
2017-08-07,41,LADIESWEAR,122,Machala,El Oro,D,4,1.0493567237387253,128,146,0.8767123287671232,SHORTAGE,18,0,0.0,18.0,146.0,0.0
2017-08-07,41,LAWN AND GARDEN,109,Machala,El Oro,D,4,0.7213273991227019,79,131,0.6030534351145038,SHORTAGE,52,0,0.0,52.0,131.0,0.0
2017-08-07,41,LINGERIE,53,Machala,El Oro,D,4,1.5731554826879064,83,64,1.296875,OVERSTOCK,0,19,19.0,0.0,64.0,0.0
2017-08-07,41,"LIQUOR,WINE,BEER",1117,Machala,El Oro,D,4,1.178116261634606,1316,1340,0.982089552238806,BALANCED,24,0,0.0,0.0,1316.0,24.0
2017-08-07,41,MAGAZINES,85,Machala,El Oro,D,4,1.2772712164310143,109,102,1.0686274509803921,BALANCED,0,0,0.0,0.0,109.0,0.0
2017-08-07,41,MEATS,1641,Machala,El Oro,D,4,1.7785731555814135,2919,1969,1.4824784154393094,OVERSTOCK,0,950,950.0,0.0,1969.0,0.0
2017-08-07,41,PERSONAL CARE,3285,Machala,El Oro,D,4,1.3286537165928867,4365,3942,1.1073059360730593,OVERSTOCK,0,423,207.0,0.0,4158.0,0.0
2017-08-07,41,PET SUPPLIES,85,Machala,El Oro,D,4,1.1099752627993218,94,102,0.9215686274509803,BALANCED,8,0,0.0,0.0,94.0,8.0
2017-08-07,41,PLAYERS AND ELECTRONICS,53,Machala,El Oro,D,4,1.0439812414166374,55,64,0.859375,SHORTAGE,9,0,0.0,9.0,64.0,0.0
2017-08-07,41,POULTRY,1469,Machala,El Oro,D,4,1.1011431511848548,1618,1763,0.9177538287010777,BALANCED,145,0,0.0,0.0,1618.0,145.0
2017-08-07,41,PREPARED FOODS,413,Machala,El Oro,D,4,0.7420788998144026,306,496,0.6169354838709677,SHORTAGE,190,0,0.0,190.0,496.0,0.0
2017-08-07,41,PRODUCE,14728,Machala,El Oro,D,4,1.5537006701010863,22883,17674,1.2947267172117234,OVERSTOCK,0,5209,4807.0,0.0,18076.0,0.0
2017-08-07,41,SCHOOL AND OFFICE SUPPLIES,13,Machala,El Oro,D,4,1.6052602298244494,21,16,1.3125,OVERSTOCK,0,5,5.0,0.0,16.0,0.0
2017-08-07,41,SEAFOOD,27,Machala,El Oro,D,4,0.9412765614880907,25,32,0.78125,SHORTAGE,7,0,0.0,0.0,25.0,7.0
2017-08-07,42,AUTOMOTIVE,30,Cuenca,Azuay,D,2,0.964555942091933,29,36,0.8055555555555556,SHORTAGE,7,0,0.0,0.0,29.0,7.0
2017-08-07,42,BABY CARE,12,Cuenca,Azuay,D,2,1.649201107601776,20,14,1.4285714285714286,OVERSTOCK,0,6,4.0,0.0,16.0,0.0
2017-08-07,42,BEAUTY,21,Cuenca,Azuay,D,2,0.6287644266335465,13,25,0.52,SHORTAGE,12,0,0.0,0.0,13.0,12.0
2017-08-07,42,BEVERAGES,19861,Cuenca,Azuay,D,2,1.2245489325206733,24321,23833,1.0204758108505014,BALANCED,0,0,0.0,0.0,24321.0,0.0
2017-08-07,42,BOOKS,12,Cuenca,Azuay,D,2,1.1564108576178014,14,14,1.0,BALANCED,0,0,0.0,0.0,14.0,0.0
2017-08-07,42,BREAD/BAKERY,3584,Cuenca,Azuay,D,2,1.4281521234941519,5118,4301,1.189955824226924,OVERSTOCK,0,817,817.0,0.0,4301.0,0.0
2017-08-07,42,CELEBRATION,51,Cuenca,Azuay,D,2,0.7960700401793454,41,61,0.6721311475409836,SHORTAGE,20,0,0.0,0.0,41.0,20.0
2017-08-07,42,CLEANING,5280,Cuenca,Azuay,D,2,1.4019968889541845,7403,6336,1.1684027777777777,OVERSTOCK,0,1067,1067.0,0.0,6336.0,0.0
2017-08-07,42,DAIRY,5709,Cuenca,Azuay,D,2,1.0520808094498517,6006,6851,0.8766603415559773,SHORTAGE,845,0,0.0,0.0,6006.0,845.0
2017-08-07,42,DELI,1217,Cuenca,Azuay,D,2,1.3424577338035706,1634,1460,1.1191780821917807,OVERSTOCK,0,174,0.0,0.0,1634.0,0.0
2017-08-07,42,EGGS,975,Cuenca,Azuay,D,2,0.6481140118473311,632,1170,0.5401709401709401,SHORTAGE,538,0,0.0,0.0,632.0,538.0
2017-08-07,42,FROZEN FOODS,813,Cuenca,Azuay,D,2,1.1540726366214114,938,976,0.9610655737704918,BALANCED,38,0,0.0,38.0,976.0,0.0
2017-08-07,42,GROCERY I,22767,Cuenca,Azuay,D,2,1.2267010727788465,27928,27320,1.022254758418741,BALANCED,0,0,0.0,0.0,27928.0,0.0
2017-08-07,42,GROCERY II,210,Cuenca,Azuay,D,2,0.857191683425984,180,252,0.7142857142857143,SHORTAGE,72,0,0.0,0.0,180.0,72.0
2017-08-07,42,HARDWARE,15,Cuenca,Azuay,D,2,0.7675483850149448,12,18,0.6666666666666666,SHORTAGE,6,0,0.0,6.0,18.0,0.0
2017-08-07,42,HOME AND KITCHEN I,104,Cuenca,Azuay,D,2,0.8261691636147617,86,125,0.688,SHORTAGE,39,0,0.0,0.0,86.0,39.0
2017-08-07,42,HOME AND KITCHEN II,109,Cuenca,Azuay,D,2,1.0129692936760177,110,131,0.8396946564885496,SHORTAGE,21,0,0.0,21.0,131.0,0.0
2017-08-07,42,HOME APPLIANCES,13,Cuenca,Azuay,D,2,0.7161721791659658,9,16,0.5625,SHORTAGE,7,0,0.0,7.0,16.0,0.0
2017-08-07,42,HOME CARE,1621,Cuenca,Azuay,D,2,1.7367837548755254,2815,1945,1.4473007712082262,OVERSTOCK,0,870,814.0,0.0,2001.0,0.0
2017-08-07,42,LADIESWEAR,108,Cuenca,Azuay,D,2,1.0859928737949809,117,130,0.9,BALANCED,13,0,0.0,13.0,130.0,0.0
2017-08-07,42,LAWN AND GARDEN,233,Cuenca,Azuay,D,2,1.570763523008099,366,280,1.3071428571428572,OVERSTOCK,0,86,84.0,0.0,282.0,0.0
2017-08-07,42,LINGERIE,14,Cuenca,Azuay,D,2,1.769300547730616,25,17,1.4705882352941178,OVERSTOCK,0,8,8.0,0.0,17.0,0.0
2017-08-07,42,"LIQUOR,WINE,BEER",495,Cuenca,Azuay,D,2,0.696882336003287,345,594,0.5808080808080808,SHORTAGE,249,0,0.0,249.0,594.0,0.0
2017-08-07,42,MAGAZINES,53,Cuenca,Azuay,D,2,1.3820033615219929,73,64,1.140625,OVERSTOCK,0,9,9.0,0.0,64.0,0.0
2017-08-07,42,MEATS,1697,Cuenca,Azuay,D,2,1.645690904089457,2793,2036,1.3718074656188606,OVERSTOCK,0,757,757.0,0.0,2036.0,0.0
2017-08-07,42,PERSONAL CARE,1765,Cuenca,Azuay,D,2,1.361081320760074,2402,2118,1.1340887629839471,OVERSTOCK,0,284,256.0,0.0,2146.0,0.0
2017-08-07,42,PET SUPPLIES,68,Cuenca,Azuay,D,2,1.1148313456288952,76,82,0.926829268292683,BALANCED,6,0,0.0,0.0,76.0,6.0
2017-08-07,42,PLAYERS AND ELECTRONICS,60,Cuenca,Azuay,D,2,1.117291629165526,67,72,0.9305555555555556,BALANCED,5,0,0.0,5.0,72.0,0.0
2017-08-07,42,POULTRY,1634,Cuenca,Azuay,D,2,0.6430786632088307,1051,1961,0.5359510453850076,SHORTAGE,910,0,0.0,910.0,1961.0,0.0
2017-08-07,42,PREPARED FOODS,291,Cuenca,Azuay,D,2,1.2415209015471305,361,349,1.0343839541547277,BALANCED,0,0,0.0,0.0,361.0,0.0
2017-08-07,42,PRODUCE,16600,Cuenca,Azuay,D,2,1.7922515961442171,29751,19920,1.493524096385542,OVERSTOCK,0,9831,4466.0,0.0,25285.0,0.0
2017-08-07,42,SCHOOL AND OFFICE SUPPLIES,13,Cuenca,Azuay,D,2,1.750449031166321,23,16,1.4375,OVERSTOCK,0,7,7.0,0.0,16.0,0.0
2017-08-07,42,SEAFOOD,109,Cuenca,Azuay,D,2,0.6484790746105958,71,131,0.5419847328244275,SHORTAGE,60,0,0.0,0.0,71.0,60.0
2017-08-07,43,AUTOMOTIVE,22,Esmeraldas,Esmeraldas,E,10,1.446956404355386,32,26,1.2307692307692308,OVERSTOCK,0,6,6.0,0.0,26.0,0.0
2017-08-07,43,BABY CARE,12,Esmeraldas,Esmeraldas,E,10,0.962117840036317,12,14,0.8571428571428571,SHORTAGE,2,0,0.0,2.0,14.0,0.0
2017-08-07,43,BEAUTY,13,Esmeraldas,Esmeraldas,E,10,1.6835869840873643,22,16,1.375,OVERSTOCK,0,6,6.0,0.0,16.0,0.0
2017-08-07,43,BEVERAGES,35058,Esmeraldas,Esmeraldas,E,10,0.6541376948511343,22933,42070,0.5451152840503922,SHORTAGE,19137,0,0.0,19137.0,42070.0,0.0
2017-08-07,43,BOOKS,12,Esmeraldas,Esmeraldas,E,10,1.7230489224132968,21,14,1.5,OVERSTOCK,0,7,6.0,0.0,15.0,0.0
2017-08-07,43,BREAD/BAKERY,3685,Esmeraldas,Esmeraldas,E,10,1.6049708925453323,5914,4422,1.3374038896426956,OVERSTOCK,0,1492,1492.0,0.0,4422.0,0.0
2017-08-07,43,CELEBRATION,106,Esmeraldas,Esmeraldas,E,10,0.7410052587031218,79,127,0.6220472440944882,SHORTAGE,48,0,0.0,48.0,127.0,0.0
2017-08-07,43,CLEANING,8326,Esmeraldas,Esmeraldas,E,10,0.671789204780759,5593,9991,0.559803823441097,SHORTAGE,4398,0,0.0,0.0,5593.0,4398.0
2017-08-07,43,DAIRY,4632,Esmeraldas,Esmeraldas,E,10,1.6016491971923232,7419,5558,1.3348326736236056,OVERSTOCK,0,1861,1861.0,0.0,5558.0,0.0
2017-08-07,43,DELI,2103,Esmeraldas,Esmeraldas,E,10,0.7869092051694953,1655,2524,0.6557052297939778,SHORTAGE,869,0,0.0,869.0,2524.0,0.0
2017-08-07,43,EGGS,1614,Esmeraldas,Esmeraldas,E,10,1.2418777835710446,2004,1937,1.0345895715023232,BALANCED,0,0,0.0,0.0,2004.0,0.0
2017-08-07,43,FROZEN FOODS,493,Esmeraldas,Esmeraldas,E,10,1.6988938294544516,838,592,1.4155405405405406,OVERSTOCK,0,246,0.0,0.0,838.0,0.0
2017-08-07,43,GROCERY I,31842,Esmeraldas,Esmeraldas,E,10,1.280937736259188,40788,38210,1.0674692488877258,BALANCED,0,0,0.0,0.0,40788.0,0.0
2017-08-07,43,GROCERY II,40,Esmeraldas,Esmeraldas,E,10,1.076679961767389,43,48,0.8958333333333334,SHORTAGE,5,0,0.0,0.0,43.0,5.0
2017-08-07,43,HARDWARE,13,Esmeraldas,Esmeraldas,E,10,1.1340192658247907,15,16,0.9375,BALANCED,1,0,0.0,1.0,16.0,0.0
2017-08-07,43,HOME AND KITCHEN I,94,Esmeraldas,Esmeraldas,E,10,0.6757406048446453,64,113,0.5663716814159292,SHORTAGE,49,0,0.0,49.0,113.0,0.0
2017-08-07,43,HOME AND KITCHEN II,109,Esmeraldas,Esmeraldas,E,10,1.7625027856339188,192,131,1.465648854961832,OVERSTOCK,0,61,0.0,0.0,192.0,0.0
2017-08-07,43,HOME APPLIANCES,13,Esmeraldas,Esmeraldas,E,10,0.9727850220972993,13,16,0.8125,SHORTAGE,3,0,0.0,3.0,16.0,0.0
2017-08-07,43,HOME CARE,1808,Esmeraldas,Esmeraldas,E,10,0.8272361900074247,1496,2170,0.6894009216589861,SHORTAGE,674,0,0.0,674.0,2170.0,0.0
2017-08-07,43,LADIESWEAR,13,Esmeraldas,Esmeraldas,E,10,0.9432567622084743,12,16,0.75,SHORTAGE,4,0,0.0,4.0,16.0,0.0
2017-08-07,43,LAWN AND GARDEN,82,Esmeraldas,Esmeraldas,E,10,1.7572478338697748,144,98,1.469387755102041,OVERSTOCK,0,46,0.0,0.0,144.0,0.0
2017-08-07,43,LINGERIE,15,Esmeraldas,Esmeraldas,E,10,0.7131432641856084,11,18,0.6111111111111112,SHORTAGE,7,0,0.0,0.0,11.0,7.0
2017-08-07,43,"LIQUOR,WINE,BEER",679,Esmeraldas,Esmeraldas,E,10,1.6407636486014177,1114,815,1.3668711656441719,OVERSTOCK,0,299,299.0,0.0,815.0,0.0
2017-08-07,43,MAGAZINES,17,Esmeraldas,Esmeraldas,E,10,1.4494126732817374,25,20,1.25,OVERSTOCK,0,5,5.0,0.0,20.0,0.0
2017-08-07,43,MEATS,1567,Esmeraldas,Esmeraldas,E,10,1.5960230149908339,2501,1880,1.3303191489361703,OVERSTOCK,0,621,621.0,0.0,1880.0,0.0
2017-08-07,43,PERSONAL CARE,2058,Esmeraldas,Esmeraldas,E,10,1.7710770484414757,3645,2470,1.4757085020242915,OVERSTOCK,0,1175,972.0,0.0,2673.0,0.0
2017-08-07,43,PET SUPPLIES,31,Esmeraldas,Esmeraldas,E,10,1.6105855866202463,50,37,1.3513513513513513,OVERSTOCK,0,13,13.0,0.0,37.0,0.0
2017-08-07,43,PLAYERS AND ELECTRONICS,22,Esmeraldas,Esmeraldas,E,10,1.7320588215334236,38,26,1.4615384615384615,OVERSTOCK,0,12,0.0,0.0,38.0,0.0
2017-08-07,43,POULTRY,1787,Esmeraldas,Esmeraldas,E,10,0.7523223081491037,1344,2144,0.6268656716417911,SHORTAGE,800,0,0.0,800.0,2144.0,0.0
2017-08-07,43,PREPARED FOODS,960,Esmeraldas,Esmeraldas,E,10,1.5549462782003642,1493,1152,1.2960069444444444,OVERSTOCK,0,341,341.0,0.0,1152.0,0.0
2017-08-07,43,PRODUCE,9046,Esmeraldas,Esmeraldas,E,10,1.2548108328972574,11351,10855,1.0456932289267618,BALANCED,0,0,0.0,0.0,11351.0,0.0
2017-08-07,43,SCHOOL AND OFFICE SUPPLIES,19,Esmeraldas,Esmeraldas,E,10,1.252194714095833,24,23,1.0434782608695652,BALANCED,0,0,0.0,0.0,24.0,0.0
2017-08-07,43,SEAFOOD,15,Esmeraldas,Esmeraldas,E,10,1.6787058915846165,25,18,1.3888888888888888,OVERSTOCK,0,7,7.0,0.0,18.0,0.0
2017-08-07,44,AUTOMOTIVE,95,Quito,Pichincha,A,5,1.7661645823760537,168,114,1.4736842105263157,OVERSTOCK,0,54,54.0,0.0,114.0,0.0
2017-08-07,44,BABY CARE,12,Quito,Pichincha,A,5,1.4458059876518172,17,14,1.2142857142857142,OVERSTOCK,0,3,2.0,0.0,15.0,0.0
2017-08-07,44,BEAUTY,82,Quito,Pichincha,A,5,1.1795260673661407,97,98,0.9897959183673469,BALANCED,1,0,0.0,0.0,97.0,1.0
2017-08-07,44,BEVERAGES,68188,Quito,Pichincha,A,5,1.1476846294822145,78258,81826,0.9563952777845672,BALANCED,3568,0,0.0,3568.0,81826.0,0.0
2017-08-07,44,BOOKS,12,Quito,Pichincha,A,5,1.0636097486678182,13,14,0.9285714285714286,BALANCED,1,0,0.0,1.0,14.0,0.0
2017-08-07,44,BREAD/BAKERY,11607,Quito,Pichincha,A,5,1.0339188354871953,12001,13928,0.8616456059735784,SHORTAGE,1927,0,0.0,1927.0,13928.0,0.0
2017-08-07,44,CELEBRATION,187,Quito,Pichincha,A,5,1.0698082100213178,200,224,0.8928571428571429,SHORTAGE,24,0,0.0,2.0,202.0,22.0
2017-08-07,44,CLEANING,18579,Quito,Pichincha,A,5,0.7077038823014343,13148,22295,0.5897286387082306,SHORTAGE,9147,0,0.0,9147.0,22295.0,0.0
2017-08-07,44,DAIRY,17359,Quito,Pichincha,A,5,0.6929233023125259,12028,20831,0.5774086697710143,SHORTAGE,8803,0,0.0,8803.0,20831.0,0.0
2017-08-07,44,DELI,3955,Quito,Pichincha,A,5,1.5358438126467742,6074,4746,1.2798145806995365,OVERSTOCK,0,1328,1328.0,0.0,4746.0,0.0
2017-08-07,44,EGGS,4229,Quito,Pichincha,A,5,1.1352874715042713,4801,5075,0.9460098522167487,BALANCED,274,0,0.0,0.0,4801.0,274.0
2017-08-07,44,FROZEN FOODS,3210,Quito,Pichincha,A,5,1.7168213862535446,5511,3852,1.4306853582554517,OVERSTOCK,0,1659,1406.0,0.0,4105.0,0.0
2017-08-07,44,GROCERY I,66030,Quito,Pichincha,A,5,1.334665210312743,88128,79236,1.1122217174011813,OVERSTOCK,0,8892,7668.0,0.0,80460.0,0.0
2017-08-07,44,GROCERY II,756,Quito,Pichincha,A,5,0.6422111786213037,486,907,0.535832414553473,SHORTAGE,421,0,0.0,421.0,907.0,0.0
2017-08-07,44,HARDWARE,31,Quito,Pichincha,A,5,0.7890280095809754,24,37,0.6486486486486487,SHORTAGE,13,0,0.0,13.0,37.0,0.0
2017-08-07,44,HOME AND KITCHEN I,655,Quito,Pichincha,A,5,0.8469837516156091,555,786,0.7061068702290076,SHORTAGE,231,0,0.0,231.0,786.0,0.0
2017-08-07,44,HOME AND KITCHEN II,842,Quito,Pichincha,A,5,1.770883229267593,1491,1010,1.4762376237623762,OVERSTOCK,0,481,413.0,0.0,1078.0,0.0
2017-08-07,44,HOME APPLIANCES,13,Quito,Pichincha,A,5,0.8624450713819619,11,16,0.6875,SHORTAGE,5,0,0.0,5.0,16.0,0.0
2017-08-07,44,HOME CARE,4933,Quito,Pichincha,A,5,1.2189068115456616,6013,5920,1.0157094594594596,BALANCED,0,0,0.0,0.0,6013.0,0.0
2017-08-07,44,LADIESWEAR,271,Quito,Pichincha,A,5,1.7234123179682355,467,325,1.436923076923077,OVERSTOCK,0,142,131.0,0.0,336.0,0.0
2017-08-07,44,LAWN AND GARDEN,175,Quito,Pichincha,A,5,1.772631275897229,310,210,1.4761904761904763,OVERSTOCK,0,100,50.0,0.0,260.0,0.0
2017-08-07,44,LINGERIE,224,Quito,Pichincha,A,5,0.8836325224602535,198,269,0.7360594795539034,SHORTAGE,71,0,0.0,71.0,269.0,0.0
2017-08-07,44,"LIQUOR,WINE,BEER",2429,Quito,Pichincha,A,5,0.6589411725000481,1601,2915,0.5492281303602058,SHORTAGE,1314,0,0.0,1314.0,2915.0,0.0
2017-08-07,44,MAGAZINES,189,Quito,Pichincha,A,5,0.7843221990453102,148,227,0.6519823788546255,SHORTAGE,79,0,0.0,79.0,227.0,0.0
2017-08-07,44,MEATS,6426,Quito,Pichincha,A,5,0.6759941744430698,4344,7711,0.5633510569316561,SHORTAGE,3367,0,0.0,3367.0,7711.0,0.0
2017-08-07,44,PERSONAL CARE,4086,Quito,Pichincha,A,5,0.8341490893108037,3408,4903,0.6950846420558842,SHORTAGE,1495,0,0.0,1495.0,4903.0,0.0
2017-08-07,44,PET SUPPLIES,275,Quito,Pichincha,A,5,1.2822836576444825,353,330,1.0696969696969696,BALANCED,0,0,0.0,0.0,353.0,0.0
2017-08-07,44,PLAYERS AND ELECTRONICS,259,Quito,Pichincha,A,5,1.6949385555547702,439,311,1.4115755627009647,OVERSTOCK,0,128,122.0,0.0,317.0,0.0
2017-08-07,44,POULTRY,8525,Quito,Pichincha,A,5,1.244662660433208,10611,10230,1.037243401759531,BALANCED,0,0,0.0,0.0,10611.0,0.0
2017-08-07,44,PREPARED FOODS,2372,Quito,Pichincha,A,5,1.3511874680388969,3205,2846,1.1261419536191146,OVERSTOCK,0,359,359.0,0.0,2846.0,0.0
2017-08-07,44,PRODUCE,66583,Quito,Pichincha,A,5,0.8422407019314494,56079,79900,0.7018648310387985,SHORTAGE,23821,0,0.0,23821.0,79900.0,0.0
2017-08-07,44,SCHOOL AND OFFICE SUPPLIES,1860,Quito,Pichincha,A,5,1.5607003448086203,2903,2232,1.3006272401433692,OVERSTOCK,0,671,671.0,0.0,2232.0,0.0
2017-08-07,44,SEAFOOD,628,Quito,Pichincha,A,5,1.3413466902067,842,754,1.1167108753315649,OVERSTOCK,0,88,88.0,0.0,754.0,0.0
2017-08-07,45,AUTOMOTIVE,110,Quito,Pichincha,A,11,1.6369641950312699,180,132,1.3636363636363635,OVERSTOCK,0,48,48.0,0.0,132.0,0.0
2017-08-07,45,BABY CARE,12,Quito,Pichincha,A,11,1.7386117284069411,21,14,1.5,OVERSTOCK,0,7,5.0,0.0,16.0,0.0
2017-08-07,45,BEAUTY,99,Quito,Pichincha,A,11,1.0174809309079107,101,119,0.8487394957983193,SHORTAGE,18,0,0.0,0.0,101.0,18.0
2017-08-07,45,BEVERAGES,65449,Quito,Pichincha,A,11,0.7086948702425272,46383,78539,0.5905728364252155,SHORTAGE,32156,0,0.0,32156.0,78539.0,0.0
2017-08-07,45,BOOKS,12,Quito,Pichincha,A,11,0.871114749500139,10,14,0.7142857142857143,SHORTAGE,4,0,0.0,4.0,14.0,0.0
2017-08-07,45,BREAD/BAKERY,8783,Quito,Pichincha,A,11,1.1254098788110047,9884,10540,0.9377609108159393,BALANCED,656,0,0.0,656.0,10540.0,0.0
2017-08-07,45,CELEBRATION,209,Quito,Pichincha,A,11,1.734832382189368,363,251,1.4462151394422311,OVERSTOCK,0,112,112.0,0.0,251.0,0.0
2017-08-07,45,CLEANING,19122,Quito,Pichincha,A,11,1.0539717868480984,20154,22946,0.8783230192626166,SHORTAGE,2792,0,0.0,0.0,20154.0,2792.0
2017-08-07,45,DAIRY,15587,Quito,Pichincha,A,11,1.524927856398444,23769,18704,1.2707976903336184,OVERSTOCK,0,5065,5065.0,0.0,18704.0,0.0
2017-08-07,45,DELI,5118,Quito,Pichincha,A,11,1.2485720306049062,6390,6142,1.040377727124715,BALANCED,0,0,0.0,0.0,6390.0,0.0
2017-08-07,45,EGGS,2765,Quito,Pichincha,A,11,0.8193705245171718,2266,3318,0.6829415310427969,SHORTAGE,1052,0,0.0,1052.0,3318.0,0.0
2017-08-07,45,FROZEN FOODS,2419,Quito,Pichincha,A,11,0.984880942744142,2382,2903,0.8205304857044436,SHORTAGE,521,0,0.0,521.0,2903.0,0.0
2017-08-07,45,GROCERY I,69785,Quito,Pichincha,A,11,1.3838302620273826,96571,83742,1.1531967232690883,OVERSTOCK,0,12829,9667.0,0.0,86904.0,0.0
2017-08-07,45,GROCERY II,1124,Quito,Pichincha,A,11,1.4074240736218722,1582,1349,1.172720533728688,OVERSTOCK,0,233,233.0,0.0,1349.0,0.0
2017-08-07,45,HARDWARE,16,Quito,Pichincha,A,11,1.1217116961708555,18,19,0.9473684210526315,BALANCED,1,0,0.0,1.0,19.0,0.0
2017-08-07,45,HOME AND KITCHEN I,512,Quito,Pichincha,A,11,0.8743747231945376,448,614,0.7296416938110749,SHORTAGE,166,0,0.0,166.0,614.0,0.0
2017-08-07,45,HOME AND KITCHEN II,624,Quito,Pichincha,A,11,1.4662881354152117,915,749,1.2216288384512684,OVERSTOCK,0,166,98.0,0.0,817.0,0.0
2017-08-07,45,HOME APPLIANCES,15,Quito,Pichincha,A,11,0.8026476499352577,12,18,0.6666666666666666,SHORTAGE,6,0,0.0,6.0,18.0,0.0
2017-08-07,45,HOME CARE,5047,Quito,Pichincha,A,11,1.724003630238152,8701,6056,1.4367569352708058,OVERSTOCK,0,2645,2645.0,0.0,6056.0,0.0
2017-08-07,45,LADIESWEAR,192,Quito,Pichincha,A,11,0.8254842948437721,158,230,0.6869565217391305,SHORTAGE,72,0,0.0,72.0,230.0,0.0
2017-08-07,45,LAWN AND GARDEN,262,Quito,Pichincha,A,11,0.7287748353990245,191,314,0.60828025477707,SHORTAGE,123,0,0.0,123.0,314.0,0.0
2017-08-07,45,LINGERIE,11,Quito,Pichincha,A,11,1.1971772428384546,13,13,1.0,BALANCED,0,0,0.0,0.0,13.0,0.0
2017-08-07,45,"LIQUOR,WINE,BEER",1644,Quito,Pichincha,A,11,1.223459517731633,2011,1973,1.0192600101368474,BALANCED,0,0,0.0,0.0,2011.0,0.0
2017-08-07,45,MAGAZINES,122,Quito,Pichincha,A,11,1.2098314977338938,148,146,1.0136986301369864,BALANCED,0,0,0.0,0.0,148.0,0.0
2017-08-07,45,MEATS,8294,Quito,Pichincha,A,11,1.1240009872066075,9322,9953,0.9366020295388325,BALANCED,631,0,0.0,631.0,9953.0,0.0
2017-08-07,45,PERSONAL CARE,5427,Quito,Pichincha,A,11,1.7937778713955301,9735,6512,1.4949324324324325,OVERSTOCK,0,3223,3223.0,0.0,6512.0,0.0
2017-08-07,45,PET SUPPLIES,154,Quito,Pichincha,A,11,1.1835367352046984,182,185,0.9837837837837838,BALANCED,3,0,0.0,0.0,182.0,3.0
2017-08-07,45,PLAYERS AND ELECTRONICS,210,Quito,Pichincha,A,11,1.1735358968877971,246,252,0.9761904761904762,BALANCED,6,0,0.0,6.0,252.0,0.0
2017-08-07,45,POULTRY,9227,Quito,Pichincha,A,11,1.1061192752574736,10206,11072,0.9217846820809249,BALANCED,866,0,0.0,866.0,11072.0,0.0
2017-08-07,45,PREPARED FOODS,1847,Quito,Pichincha,A,11,0.6801909056417554,1256,2216,0.5667870036101083,SHORTAGE,960,0,0.0,960.0,2216.0,0.0
2017-08-07,45,PRODUCE,43149,Quito,Pichincha,A,11,1.3115479573795394,56592,51779,1.0929527414588927,BALANCED,0,0,0.0,0.0,56592.0,0.0
2017-08-07,45,SCHOOL AND OFFICE SUPPLIES,2576,Quito,Pichincha,A,11,0.8735613266678189,2250,3091,0.7279197670656745,SHORTAGE,841,0,0.0,841.0,3091.0,0.0
2017-08-07,45,SEAFOOD,628,Quito,Pichincha,A,11,1.36513077627486,857,754,1.136604774535809,OVERSTOCK,0,103,103.0,0.0,754.0,0.0
2017-08-07,46,AUTOMOTIVE,72,Quito,Pichincha,A,14,0.6610001543381726,48,86,0.5581395348837209,SHORTAGE,38,0,0.0,38.0,86.0,0.0
2017-08-07,46,BABY CARE,12,Quito,Pichincha,A,14,1.7776645215036022,21,14,1.5,OVERSTOCK,0,7,5.0,0.0,16.0,0.0
2017-08-07,46,BEAUTY,129,Quito,Pichincha,A,14,1.1628060948152066,150,155,0.967741935483871,BALANCED,5,0,0.0,0.0,150.0,5.0
2017-08-07,46,BEVERAGES,43628,Quito,Pichincha,A,14,1.6761064459088382,73125,52354,1.3967414142185888,OVERSTOCK,0,20771,20771.0,0.0,52354.0,0.0
2017-08-07,46,BOOKS,12,Quito,Pichincha,A,14,1.1706734078795218,14,14,1.0,BALANCED,0,0,0.0,0.0,14.0,0.0
2017-08-07,46,BREAD/BAKERY,6720,Quito,Pichincha,A,14,0.6723969822890661,4519,8064,0.5603918650793651,SHORTAGE,3545,0,0.0,3545.0,8064.0,0.0
2017-08-07,46,CELEBRATION,106,Quito,Pichincha,A,14,1.5866562553125685,168,127,1.3228346456692914,OVERSTOCK,0,41,41.0,0.0,127.0,0.0
2017-08-07,46,CLEANING,16920,Quito,Pichincha,A,14,1.3778204756005612,23313,20304,1.1481973995271868,OVERSTOCK,0,3009,3009.0,0.0,20304.0,0.0
2017-08-07,46,DAIRY,11783,Quito,Pichincha,A,14,1.5381084570887342,18124,14140,1.2817538896746818,OVERSTOCK,0,3984,3984.0,0.0,14140.0,0.0
2017-08-07,46,DELI,5738,Quito,Pichincha,A,14,1.113803836210648,6391,6886,0.9281150159744409,BALANCED,495,0,0.0,495.0,6886.0,0.0
2017-08-07,46,EGGS,1154,Quito,Pichincha,A,14,1.365524093095974,1576,1385,1.1379061371841155,OVERSTOCK,0,191,191.0,0.0,1385.0,0.0
2017-08-07,46,FROZEN FOODS,1797,Quito,Pichincha,A,14,1.627474804555929,2925,2156,1.3566790352504638,OVERSTOCK,0,769,531.0,0.0,2394.0,0.0
2017-08-07,46,GROCERY I,65559,Quito,Pichincha,A,14,1.357278531446265,88982,78671,1.131064814226335,OVERSTOCK,0,10311,8404.0,0.0,80578.0,0.0
2017-08-07,46,GROCERY II,337,Quito,Pichincha,A,14,1.017208361803084,343,404,0.849009900990099,SHORTAGE,61,0,0.0,0.0,343.0,61.0
2017-08-07,46,HARDWARE,20,Quito,Pichincha,A,14,1.3950355132394399,28,24,1.1666666666666667,OVERSTOCK,0,4,4.0,0.0,24.0,0.0
2017-08-07,46,HOME AND KITCHEN I,246,Quito,Pichincha,A,14,1.406225026336881,346,295,1.1728813559322033,OVERSTOCK,0,51,51.0,0.0,295.0,0.0
2017-08-07,46,HOME AND KITCHEN II,162,Quito,Pichincha,A,14,1.7527043550079502,284,194,1.4639175257731958,OVERSTOCK,0,90,38.0,0.0,246.0,0.0
2017-08-07,46,HOME APPLIANCES,13,Quito,Pichincha,A,14,1.045094785850003,14,16,0.875,SHORTAGE,2,0,0.0,2.0,16.0,0.0
2017-08-07,46,HOME CARE,4640,Quito,Pichincha,A,14,1.1100981210169574,5151,5568,0.9251077586206896,BALANCED,417,0,0.0,417.0,5568.0,0.0
2017-08-07,46,LADIESWEAR,250,Quito,Pichincha,A,14,1.574547553424471,394,300,1.3133333333333332,OVERSTOCK,0,94,72.0,0.0,322.0,0.0
2017-08-07,46,LAWN AND GARDEN,153,Quito,Pichincha,A,14,1.2069147776912896,185,184,1.0054347826086956,BALANCED,0,0,0.0,0.0,185.0,0.0
2017-08-07,46,LINGERIE,69,Quito,Pichincha,A,14,1.4838877117388798,102,83,1.2289156626506024,OVERSTOCK,0,19,19.0,0.0,83.0,0.0
2017-08-07,46,"LIQUOR,WINE,BEER",946,Quito,Pichincha,A,14,1.1516513573443106,1089,1135,0.9594713656387666,BALANCED,46,0,0.0,46.0,1135.0,0.0
2017-08-07,46,MAGAZINES,53,Quito,Pichincha,A,14,0.8585941701752405,46,64,0.71875,SHORTAGE,18,0,0.0,0.0,46.0,18.0
2017-08-07,46,MEATS,7629,Quito,Pichincha,A,14,1.494244611337213,11400,9155,1.245221190606226,OVERSTOCK,0,2245,2245.0,0.0,9155.0,0.0
2017-08-07,46,PERSONAL CARE,5448,Quito,Pichincha,A,14,0.7573862030216519,4126,6538,0.631079840929948,SHORTAGE,2412,0,0.0,2412.0,6538.0,0.0
2017-08-07,46,PET SUPPLIES,189,Quito,Pichincha,A,14,0.8383003962375697,158,227,0.6960352422907489,SHORTAGE,69,0,0.0,69.0,227.0,0.0
2017-08-07,46,PLAYERS AND ELECTRONICS,275,Quito,Pichincha,A,14,1.3521899793410503,372,330,1.1272727272727272,OVERSTOCK,0,42,36.0,0.0,336.0,0.0
2017-08-07,46,POULTRY,5974,Quito,Pichincha,A,14,1.496723760230484,8941,7169,1.2471753382619613,OVERSTOCK,0,1772,1772.0,0.0,7169.0,0.0
2017-08-07,46,PREPARED FOODS,1071,Quito,Pichincha,A,14,1.6736254642413781,1792,1285,1.3945525291828793,OVERSTOCK,0,507,507.0,0.0,1285.0,0.0
2017-08-07,46,PRODUCE,20361,Quito,Pichincha,A,14,0.9271037968990701,18877,24433,0.772602627593828,SHORTAGE,5556,0,0.0,5556.0,24433.0,0.0
2017-08-07,46,SCHOOL AND OFFICE SUPPLIES,1860,Quito,Pichincha,A,14,0.7328691103206653,1363,2232,0.610663082437276,SHORTAGE,869,0,0.0,869.0,2232.0,0.0
2017-08-07,46,SEAFOOD,349,Quito,Pichincha,A,14,1.747255991427155,610,419,1.4558472553699284,OVERSTOCK,0,191,191.0,0.0,419.0,0.0
2017-08-07,47,AUTOMOTIVE,110,Quito,Pichincha,A,14,0.7853077056265709,86,132,0.6515151515151515,SHORTAGE,46,0,0.0,46.0,132.0,0.0
2017-08-07,47,BABY CARE,12,Quito,Pichincha,A,14,0.8372003787055674,10,14,0.7142857142857143,SHORTAGE,4,0,0.0,4.0,14.0,0.0
2017-08-07,47,BEAUTY,137,Quito,Pichincha,A,14,0.9495953442701589,130,164,0.7926829268292683,SHORTAGE,34,0,0.0,0.0,130.0,34.0
2017-08-07,47,BEVERAGES,63526,Quito,Pichincha,A,14,1.2352696248315451,78472,76231,1.0293974892104263,BALANCED,0,0,0.0,0.0,78472.0,0.0
2017-08-07,47,BOOKS,12,Quito,Pichincha,A,14,1.6593906792408937,20,14,1.4285714285714286,OVERSTOCK,0,6,6.0,0.0,14.0,0.0
2017-08-07,47,BREAD/BAKERY,8077,Quito,Pichincha,A,14,1.5126552272758405,12218,9692,1.2606273215022699,OVERSTOCK,0,2526,2526.0,0.0,9692.0,0.0
2017-08-07,47,CELEBRATION,164,Quito,Pichincha,A,14,1.4497890646111622,238,197,1.2081218274111676,OVERSTOCK,0,41,41.0,0.0,197.0,0.0
2017-08-07,47,CLEANING,16977,Quito,Pichincha,A,14,0.8102166814272044,13755,20372,0.6751914392303161,SHORTAGE,6617,0,0.0,6617.0,20372.0,0.0
2017-08-07,47,DAIRY,14661,Quito,Pichincha,A,14,1.0292191578311691,15089,17593,0.8576706644688228,SHORTAGE,2504,0,0.0,2504.0,17593.0,0.0
2017-08-07,47,DELI,4851,Quito,Pichincha,A,14,1.1740859113040136,5695,5821,0.9783542346675829,BALANCED,126,0,0.0,126.0,5821.0,0.0
2017-08-07,47,EGGS,2535,Quito,Pichincha,A,14,0.776911144182703,1969,3042,0.6472715318869166,SHORTAGE,1073,0,0.0,1073.0,3042.0,0.0
2017-08-07,47,FROZEN FOODS,1923,Quito,Pichincha,A,14,0.9281156425520071,1785,2308,0.7733968804159446,SHORTAGE,523,0,0.0,523.0,2308.0,0.0
2017-08-07,47,GROCERY I,63125,Quito,Pichincha,A,14,0.9699998447434132,61231,75750,0.8083300330033003,SHORTAGE,14519,0,0.0,14519.0,75750.0,0.0
2017-08-07,47,GROCERY II,413,Quito,Pichincha,A,14,0.7527314379948471,311,496,0.6270161290322581,SHORTAGE,185,0,0.0,185.0,496.0,0.0
2017-08-07,47,HARDWARE,22,Quito,Pichincha,A,14,1.2602876302899093,28,26,1.0769230769230769,BALANCED,0,0,0.0,0.0,28.0,0.0
2017-08-07,47,HOME AND KITCHEN I,410,Quito,Pichincha,A,14,1.4460338358290317,593,492,1.2052845528455285,OVERSTOCK,0,101,101.0,0.0,492.0,0.0
2017-08-07,47,HOME AND KITCHEN II,624,Quito,Pichincha,A,14,0.6839179577722334,427,749,0.5700934579439252,SHORTAGE,322,0,0.0,322.0,749.0,0.0
2017-08-07,47,HOME APPLIANCES,15,Quito,Pichincha,A,14,1.1773477221157798,18,18,1.0,BALANCED,0,0,0.0,0.0,18.0,0.0
2017-08-07,47,HOME CARE,4741,Quito,Pichincha,A,14,1.5386534343213543,7295,5689,1.2822991738442608,OVERSTOCK,0,1606,1606.0,0.0,5689.0,0.0
2017-08-07,47,LADIESWEAR,246,Quito,Pichincha,A,14,1.4975881547429364,368,295,1.2474576271186442,OVERSTOCK,0,73,45.0,0.0,323.0,0.0
2017-08-07,47,LAWN AND GARDEN,176,Quito,Pichincha,A,14,1.578087715462505,278,211,1.3175355450236967,OVERSTOCK,0,67,8.0,0.0,270.0,0.0
2017-08-07,47,LINGERIE,22,Quito,Pichincha,A,14,1.1378887598047285,25,26,0.9615384615384616,BALANCED,1,0,0.0,0.0,25.0,1.0
2017-08-07,47,"LIQUOR,WINE,BEER",1470,Quito,Pichincha,A,14,1.584668499167833,2329,1764,1.3202947845804989,OVERSTOCK,0,565,565.0,0.0,1764.0,0.0
2017-08-07,47,MAGAZINES,85,Quito,Pichincha,A,14,0.8889036854571234,76,102,0.7450980392156863,SHORTAGE,26,0,0.0,0.0,76.0,26.0
2017-08-07,47,MEATS,6889,Quito,Pichincha,A,14,1.0329726737010185,7116,8267,0.860771743074876,SHORTAGE,1151,0,0.0,1151.0,8267.0,0.0
2017-08-07,47,PERSONAL CARE,5364,Quito,Pichincha,A,14,0.8116266917013616,4354,6437,0.6764020506447103,SHORTAGE,2083,0,0.0,2083.0,6437.0,0.0
2017-08-07,47,PET SUPPLIES,189,Quito,Pichincha,A,14,1.1609814473142863,219,227,0.9647577092511013,BALANCED,8,0,0.0,0.0,219.0,8.0
2017-08-07,47,PLAYERS AND ELECTRONICS,231,Quito,Pichincha,A,14,1.070472026898532,247,277,0.8916967509025271,SHORTAGE,30,0,0.0,30.0,277.0,0.0
2017-08-07,47,POULTRY,8332,Quito,Pichincha,A,14,0.8891125396971746,7408,9998,0.7409481896379276,SHORTAGE,2590,0,0.0,2590.0,9998.0,0.0
2017-08-07,47,PREPARED FOODS,1629,Quito,Pichincha,A,14,1.502136851076938,2447,1955,1.2516624040920716,OVERSTOCK,0,492,492.0,0.0,1955.0,0.0
2017-08-07,47,PRODUCE,40902,Quito,Pichincha,A,14,0.9766161265339759,39946,49082,0.8138625157899027,SHORTAGE,9136,0,0.0,9136.0,49082.0,0.0
2017-08-07,47,SCHOOL AND OFFICE SUPPLIES,2979,Quito,Pichincha,A,14,0.9273651961750029,2763,3575,0.7728671328671328,SHORTAGE,812,0,0.0,533.0,3296.0,279.0
2017-08-07,47,SEAFOOD,512,Quito,Pichincha,A,14,0.757068397020594,388,614,0.6319218241042345,SHORTAGE,226,0,0.0,226.0,614.0,0.0
2017-08-07,48,AUTOMOTIVE,56,Quito,Pichincha,A,14,1.1265860421623384,63,67,0.9402985074626866,BALANCED,4,0,0.0,0.0,63.0,4.0
2017-08-07,48,BABY CARE,12,Quito,Pichincha,A,14,0.9635575546047624,12,14,0.8571428571428571,SHORTAGE,2,0,0.0,2.0,14.0,0.0
2017-08-07,48,BEAUTY,163,Quito,Pichincha,A,14,1.0431274096091623,170,196,0.8673469387755102,SHORTAGE,26,0,0.0,0.0,170.0,26.0
2017-08-07,48,BEVERAGES,34052,Quito,Pichincha,A,14,0.8831967151446632,30075,40862,0.7360139004454016,SHORTAGE,10787,0,0.0,10787.0,40862.0,0.0
2017-08-07,48,BOOKS,12,Quito,Pichincha,A,14,1.5157865877838808,18,14,1.2857142857142858,OVERSTOCK,0,4,4.0,0.0,14.0,0.0
2017-08-07,48,BREAD/BAKERY,5925,Quito,Pichincha,A,14,1.716004016825661,10167,7110,1.429957805907173,OVERSTOCK,0,3057,3057.0,0.0,7110.0,0.0
2017-08-07,48,CELEBRATION,106,Quito,Pichincha,A,14,1.1975182233466652,127,127,1.0,BALANCED,0,0,0.0,0.0,127.0,0.0
2017-08-07,48,CLEANING,16338,Quito,Pichincha,A,14,1.3715981080089992,22409,19606,1.1429664388452514,OVERSTOCK,0,2803,2803.0,0.0,19606.0,0.0
2017-08-07,48,DAIRY,9244,Quito,Pichincha,A,14,1.6406067319280473,15166,11093,1.3671684846299468,OVERSTOCK,0,4073,4073.0,0.0,11093.0,0.0
2017-08-07,48,DELI,4789,Quito,Pichincha,A,14,1.7985955648003904,8613,5747,1.4986949712893685,OVERSTOCK,0,2866,2866.0,0.0,5747.0,0.0
2017-08-07,48,EGGS,918,Quito,Pichincha,A,14,1.3362197816757986,1227,1102,1.1134301270417424,OVERSTOCK,0,125,125.0,0.0,1102.0,0.0
2017-08-07,48,FROZEN FOODS,1486,Quito,Pichincha,A,14,1.6677353598478426,2478,1783,1.3897924845765564,OVERSTOCK,0,695,453.0,0.0,2025.0,0.0
2017-08-07,48,GROCERY I,53399,Quito,Pichincha,A,14,1.6903298958667705,90262,64079,1.408605003199176,OVERSTOCK,0,26183,24534.0,0.0,65728.0,0.0
2017-08-07,48,GROCERY II,291,Quito,Pichincha,A,14,1.5497417853691469,451,349,1.2922636103151863,OVERSTOCK,0,102,102.0,0.0,349.0,0.0
2017-08-07,48,HARDWARE,13,Quito,Pichincha,A,14,1.1531176692877323,15,16,0.9375,BALANCED,1,0,0.0,1.0,16.0,0.0
2017-08-07,48,HOME AND KITCHEN I,197,Quito,Pichincha,A,14,0.6973848005086791,137,236,0.5805084745762712,SHORTAGE,99,0,0.0,99.0,236.0,0.0
2017-08-07,48,HOME AND KITCHEN II,297,Quito,Pichincha,A,14,0.6189666665281606,184,356,0.5168539325842697,SHORTAGE,172,0,0.0,172.0,356.0,0.0
2017-08-07,48,HOME APPLIANCES,13,Quito,Pichincha,A,14,1.1726407599395097,15,16,0.9375,BALANCED,1,0,0.0,0.0,15.0,1.0
2017-08-07,48,HOME CARE,4315,Quito,Pichincha,A,14,1.1931774402415414,5149,5178,0.9943993820007725,BALANCED,29,0,0.0,29.0,5178.0,0.0
2017-08-07,48,LADIESWEAR,192,Quito,Pichincha,A,14,1.0888348654355668,209,230,0.908695652173913,BALANCED,21,0,0.0,21.0,230.0,0.0
2017-08-07,48,LAWN AND GARDEN,72,Quito,Pichincha,A,14,1.2818008215496375,92,86,1.069767441860465,BALANCED,0,0,0.0,0.0,92.0,0.0
2017-08-07,48,LINGERIE,28,Quito,Pichincha,A,14,1.2625952439653125,35,34,1.0294117647058822,BALANCED,0,0,0.0,0.0,35.0,0.0
2017-08-07,48,"LIQUOR,WINE,BEER",826,Quito,Pichincha,A,14,1.6039356492392316,1325,991,1.3370332996972756,OVERSTOCK,0,334,334.0,0.0,991.0,0.0
2017-08-07,48,MAGAZINES,40,Quito,Pichincha,A,14,0.7303885239147149,29,48,0.6041666666666666,SHORTAGE,19,0,0.0,0.0,29.0,19.0
2017-08-07,48,MEATS,6622,Quito,Pichincha,A,14,0.8702131993266545,5763,7946,0.7252705763906367,SHORTAGE,2183,0,0.0,2183.0,7946.0,0.0
2017-08-07,48,PERSONAL CARE,5739,Quito,Pichincha,A,14,1.5516059747515567,8905,6887,1.2930158269202845,OVERSTOCK,0,2018,2018.0,0.0,6887.0,0.0
2017-08-07,48,PET SUPPLIES,122,Quito,Pichincha,A,14,1.6174042406683857,197,146,1.3493150684931507,OVERSTOCK,0,51,51.0,0.0,146.0,0.0
2017-08-07,48,PLAYERS AND ELECTRONICS,172,Quito,Pichincha,A,14,1.7937890563450416,309,206,1.5,OVERSTOCK,0,103,92.0,0.0,217.0,0.0
2017-08-07,48,POULTRY,6039,Quito,Pichincha,A,14,1.6474944196645012,9949,7247,1.3728439354215538,OVERSTOCK,0,2702,2702.0,0.0,7247.0,0.0
2017-08-07,48,PREPARED FOODS,664,Quito,Pichincha,A,14,1.6678788084867975,1107,797,1.3889585947302383,OVERSTOCK,0,310,310.0,0.0,797.0,0.0
2017-08-07,48,PRODUCE,14321,Quito,Pichincha,A,14,0.9772175311558858,13995,17185,0.8143729997090486,SHORTAGE,3190,0,0.0,3190.0,17185.0,0.0
2017-08-07,48,SCHOOL AND OFFICE SUPPLIES,1749,Quito,Pichincha,A,14,1.0819939608112517,1892,2099,0.9013816102906146,BALANCED,207,0,0.0,0.0,1892.0,207.0
2017-08-07,48,SEAFOOD,175,Quito,Pichincha,A,14,0.9217021257846613,161,210,0.7666666666666667,SHORTAGE,49,0,0.0,0.0,161.0,49.0
2017-08-07,49,AUTOMOTIVE,84,Quito,Pichincha,A,11,1.3275592778312588,112,101,1.108910891089109,OVERSTOCK,0,11,11.0,0.0,101.0,0.0
2017-08-07,49,BABY CARE,12,Quito,Pichincha,A,11,1.7265664250484463,21,14,1.5,OVERSTOCK,0,7,5.0,0.0,16.0,0.0
2017-08-07,49,BEAUTY,69,Quito,Pichincha,A,11,1.0135690638139414,70,83,0.8433734939759037,SHORTAGE,13,0,0.0,0.0,70.0,13.0
2017-08-07,49,BEVERAGES,43411,Quito,Pichincha,A,11,1.2684021382577404,55063,52093,1.0570134183095616,BALANCED,0,0,0.0,0.0,55063.0,0.0
2017-08-07,49,BOOKS,12,Quito,Pichincha,A,11,0.9555595565441821,11,14,0.7857142857142857,SHORTAGE,3,0,0.0,3.0,14.0,0.0
2017-08-07,49,BREAD/BAKERY,8222,Quito,Pichincha,A,11,0.803759968527249,6609,9866,0.6698763429961484,SHORTAGE,3257,0,0.0,3257.0,9866.0,0.0
2017-08-07,49,CELEBRATION,187,Quito,Pichincha,A,11,0.8342226357823869,156,224,0.6964285714285714,SHORTAGE,68,0,0.0,68.0,224.0,0.0
2017-08-07,49,CLEANING,13024,Quito,Pichincha,A,11,0.6695344134457559,8720,15629,0.5579371680849703,SHORTAGE,6909,0,0.0,6909.0,15629.0,0.0
2017-08-07,49,DAIRY,14968,Quito,Pichincha,A,11,1.739152227611109,26032,17962,1.4492818171695803,OVERSTOCK,0,8070,8070.0,0.0,17962.0,0.0
2017-08-07,49,DELI,3242,Quito,Pichincha,A,11,1.0834555302091555,3513,3890,0.9030848329048843,BALANCED,377,0,0.0,377.0,3890.0,0.0
2017-08-07,49,EGGS,3192,Quito,Pichincha,A,11,1.6009450704025299,5110,3830,1.3342036553524803,OVERSTOCK,0,1280,1280.0,0.0,3830.0,0.0
2017-08-07,49,FROZEN FOODS,2401,Quito,Pichincha,A,11,1.4175953672276294,3404,2881,1.1815341895175286,OVERSTOCK,0,523,312.0,0.0,3092.0,0.0
2017-08-07,49,GROCERY I,52990,Quito,Pichincha,A,11,0.8303053936933025,43998,63588,0.6919230043404416,SHORTAGE,19590,0,0.0,19590.0,63588.0,0.0
2017-08-07,49,GROCERY II,556,Quito,Pichincha,A,11,0.8105546958949054,451,667,0.6761619190404797,SHORTAGE,216,0,0.0,216.0,667.0,0.0
2017-08-07,49,HARDWARE,19,Quito,Pichincha,A,11,1.574385841812654,30,23,1.3043478260869565,OVERSTOCK,0,7,6.0,0.0,24.0,0.0
2017-08-07,49,HOME AND KITCHEN I,400,Quito,Pichincha,A,11,0.9176540527434448,367,480,0.7645833333333333,SHORTAGE,113,0,0.0,113.0,480.0,0.0
2017-08-07,49,HOME AND KITCHEN II,556,Quito,Pichincha,A,11,1.695942220442371,943,667,1.4137931034482758,OVERSTOCK,0,276,230.0,0.0,713.0,0.0
2017-08-07,49,HOME APPLIANCES,13,Quito,Pichincha,A,11,0.7680664856273888,10,16,0.625,SHORTAGE,6,0,0.0,6.0,16.0,0.0
2017-08-07,49,HOME CARE,3408,Quito,Pichincha,A,11,1.4132503373453635,4816,4090,1.1775061124694377,OVERSTOCK,0,726,726.0,0.0,4090.0,0.0
2017-08-07,49,LADIESWEAR,137,Quito,Pichincha,A,11,1.5773686512371208,216,164,1.3170731707317074,OVERSTOCK,0,52,23.0,0.0,193.0,0.0
2017-08-07,49,LAWN AND GARDEN,197,Quito,Pichincha,A,11,0.882307666098774,174,236,0.7372881355932204,SHORTAGE,62,0,0.0,62.0,236.0,0.0
2017-08-07,49,LINGERIE,74,Quito,Pichincha,A,11,0.9314488361478793,69,89,0.7752808988764045,SHORTAGE,20,0,0.0,0.0,69.0,20.0
2017-08-07,49,"LIQUOR,WINE,BEER",1762,Quito,Pichincha,A,11,1.7574226633670422,3097,2114,1.4649952696310313,OVERSTOCK,0,983,983.0,0.0,2114.0,0.0
2017-08-07,49,MAGAZINES,122,Quito,Pichincha,A,11,0.91751712641539,112,146,0.7671232876712328,SHORTAGE,34,0,0.0,26.0,138.0,8.0
2017-08-07,49,MEATS,5751,Quito,Pichincha,A,11,1.1159484598800573,6418,6901,0.9300101434574699,BALANCED,483,0,0.0,272.0,6690.0,211.0
2017-08-07,49,PERSONAL CARE,3475,Quito,Pichincha,A,11,1.1190187118908395,3889,4170,0.9326139088729016,BALANCED,281,0,0.0,281.0,4170.0,0.0
2017-08-07,49,PET SUPPLIES,122,Quito,Pichincha,A,11,0.9036416999156203,110,146,0.7534246575342466,SHORTAGE,36,0,0.0,36.0,146.0,0.0
2017-08-07,49,PLAYERS AND ELECTRONICS,210,Quito,Pichincha,A,11,1.5309493037245088,321,252,1.2738095238095237,OVERSTOCK,0,69,64.0,0.0,257.0,0.0
2017-08-07,49,POULTRY,7554,Quito,Pichincha,A,11,1.5262192118749864,11529,9065,1.271814671814672,OVERSTOCK,0,2464,2464.0,0.0,9065.0,0.0
2017-08-07,49,PREPARED FOODS,1707,Quito,Pichincha,A,11,1.0539816170685428,1799,2048,0.87841796875,SHORTAGE,249,0,0.0,249.0,2048.0,0.0
2017-08-07,49,PRODUCE,54150,Quito,Pichincha,A,11,1.6021509492968806,86756,64980,1.3351184979993844,OVERSTOCK,0,21776,21776.0,0.0,64980.0,0.0
2017-08-07,49,SCHOOL AND OFFICE SUPPLIES,1749,Quito,Pichincha,A,11,0.8556899212788028,1497,2099,0.7131967603620771,SHORTAGE,602,0,0.0,0.0,1497.0,602.0
2017-08-07,49,SEAFOOD,610,Quito,Pichincha,A,11,0.6051669308012143,369,732,0.5040983606557377,SHORTAGE,363,0,0.0,363.0,732.0,0.0
2017-08-07,50,AUTOMOTIVE,72,Ambato,Tungurahua,A,14,1.2854008344668892,93,86,1.0813953488372092,BALANCED,0,0,0.0,0.0,93.0,0.0
2017-08-07,50,BABY CARE,12,Ambato,Tungurahua,A,14,1.7928933269428544,22,14,1.5714285714285714,OVERSTOCK,0,8,6.0,0.0,16.0,0.0
2017-08-07,50,BEAUTY,85,Ambato,Tungurahua,A,14,0.6463731717922615,55,102,0.5392156862745098,SHORTAGE,47,0,0.0,47.0,102.0,0.0
2017-08-07,50,BEVERAGES,31200,Ambato,Tungurahua,A,14,0.8495976884501527,26507,37440,0.7079861111111111,SHORTAGE,10933,0,0.0,10933.0,37440.0,0.0
2017-08-07,50,BOOKS,12,Ambato,Tungurahua,A,14,1.2226975709845012,15,14,1.0714285714285714,BALANCED,0,0,0.0,0.0,15.0,0.0
2017-08-07,50,BREAD/BAKERY,4521,Ambato,Tungurahua,A,14,1.571928883733845,7107,5425,1.3100460829493088,OVERSTOCK,0,1682,1682.0,0.0,5425.0,0.0
2017-08-07,50,CELEBRATION,209,Ambato,Tungurahua,A,14,0.7068504060900639,148,251,0.5896414342629482,SHORTAGE,103,0,0.0,103.0,251.0,0.0
2017-08-07,50,CLEANING,12181,Ambato,Tungurahua,A,14,1.0742815845106732,13086,14617,0.8952589450639666,SHORTAGE,1531,0,0.0,0.0,13086.0,1531.0
2017-08-07,50,DAIRY,8195,Ambato,Tungurahua,A,14,1.4964909607558636,12264,9834,1.2471018913971934,OVERSTOCK,0,2430,2430.0,0.0,9834.0,0.0
2017-08-07,50,DELI,3306,Ambato,Tungurahua,A,14,1.045851850087634,3458,3967,0.8716914544996219,SHORTAGE,509,0,0.0,509.0,3967.0,0.0
2017-08-07,50,EGGS,814,Ambato,Tungurahua,A,14,0.8266037045707668,673,977,0.6888433981576254,SHORTAGE,304,0,0.0,0.0,673.0,304.0
2017-08-07,50,FROZEN FOODS,1126,Ambato,Tungurahua,A,14,0.8345949928759048,940,1351,0.695780903034789,SHORTAGE,411,0,0.0,411.0,1351.0,0.0
2017-08-07,50,GROCERY I,43285,Ambato,Tungurahua,A,14,1.092058544297993,47270,51942,0.9100535212352239,BALANCED,4672,0,0.0,4672.0,51942.0,0.0
2017-08-07,50,GROCERY II,659,Ambato,Tungurahua,A,14,1.1753004897670694,775,791,0.9797724399494311,BALANCED,16,0,0.0,0.0,775.0,16.0
2017-08-07,50,HARDWARE,15,Ambato,Tungurahua,A,14,1.634177301379217,25,18,1.3888888888888888,OVERSTOCK,0,7,3.0,0.0,22.0,0.0
2017-08-07,50,HOME AND KITCHEN I,365,Ambato,Tungurahua,A,14,1.3707029022815924,500,438,1.1415525114155252,OVERSTOCK,0,62,62.0,0.0,438.0,0.0
2017-08-07,50,HOME AND KITCHEN II,262,Ambato,Tungurahua,A,14,1.4284823454186018,374,314,1.1910828025477707,OVERSTOCK,0,60,0.0,0.0,374.0,0.0
2017-08-07,50,HOME APPLIANCES,13,Ambato,Tungurahua,A,14,1.7795846058430884,23,16,1.4375,OVERSTOCK,0,7,7.0,0.0,16.0,0.0
2017-08-07,50,HOME CARE,3093,Ambato,Tungurahua,A,14,1.0942121283611685,3384,3712,0.9116379310344828,BALANCED,328,0,0.0,328.0,3712.0,0.0
2017-08-07,50,LADIESWEAR,137,Ambato,Tungurahua,A,14,1.084025283898954,149,164,0.9085365853658537,BALANCED,15,0,0.0,15.0,164.0,0.0
2017-08-07,50,LAWN AND GARDEN,47,Ambato,Tungurahua,A,14,1.708016361270975,80,56,1.4285714285714286,OVERSTOCK,0,24,2.0,0.0,78.0,0.0
2017-08-07,50,LINGERIE,28,Ambato,Tungurahua,A,14,0.8950507044060704,25,34,0.7352941176470589,SHORTAGE,9,0,0.0,0.0,25.0,9.0
2017-08-07,50,"LIQUOR,WINE,BEER",854,Ambato,Tungurahua,A,14,1.47577829556344,1260,1025,1.2292682926829268,OVERSTOCK,0,235,235.0,0.0,1025.0,0.0
2017-08-07,50,MAGAZINES,53,Ambato,Tungurahua,A,14,1.5054877658617618,80,64,1.25,OVERSTOCK,0,16,16.0,0.0,64.0,0.0
2017-08-07,50,MEATS,3993,Ambato,Tungurahua,A,14,0.7173455969345317,2864,4792,0.5976627712854758,SHORTAGE,1928,0,0.0,1928.0,4792.0,0.0
2017-08-07,50,PERSONAL CARE,3540,Ambato,Tungurahua,A,14,1.1618776868323009,4113,4248,0.9682203389830508,BALANCED,135,0,0.0,135.0,4248.0,0.0
2017-08-07,50,PET SUPPLIES,97,Ambato,Tungurahua,A,14,0.8406749655858649,82,116,0.7068965517241379,SHORTAGE,34,0,0.0,0.0,82.0,34.0
2017-08-07,50,PLAYERS AND ELECTRONICS,189,Ambato,Tungurahua,A,14,0.8224503273629828,155,227,0.6828193832599119,SHORTAGE,72,0,0.0,72.0,227.0,0.0
2017-08-07,50,POULTRY,3066,Ambato,Tungurahua,A,14,1.1565937325554514,3546,3679,0.9638488719760805,BALANCED,133,0,0.0,0.0,3546.0,133.0
2017-08-07,50,PREPARED FOODS,623,Ambato,Tungurahua,A,14,0.947315649009678,590,748,0.7887700534759359,SHORTAGE,158,0,0.0,158.0,748.0,0.0
2017-08-07,50,PRODUCE,15376,Ambato,Tungurahua,A,14,1.5552725371510452,23914,18451,1.2960815131971166,OVERSTOCK,0,5463,1724.0,0.0,22190.0,0.0
2017-08-07,50,SCHOOL AND OFFICE SUPPLIES,1992,Ambato,Tungurahua,A,14,1.689125869668579,3365,2390,1.4079497907949792,OVERSTOCK,0,975,975.0,0.0,2390.0,0.0
2017-08-07,50,SEAFOOD,128,Ambato,Tungurahua,A,14,1.5632647263460389,200,154,1.2987012987012987,OVERSTOCK,0,46,46.0,0.0,154.0,0.0
2017-08-07,51,AUTOMOTIVE,59,Guayaquil,Guayas,A,17,0.9192370471459983,54,71,0.7605633802816901,SHORTAGE,17,0,0.0,17.0,71.0,0.0
2017-08-07,51,BABY CARE,12,Guayaquil,Guayas,A,17,0.9289612724263301,11,14,0.7857142857142857,SHORTAGE,3,0,0.0,3.0,14.0,0.0
2017-08-07,51,BEAUTY,38,Guayaquil,Guayas,A,17,0.9056740201409609,34,46,0.7391304347826086,SHORTAGE,12,0,0.0,0.0,34.0,12.0
2017-08-07,51,BEVERAGES,31968,Guayaquil,Guayas,A,17,0.7620457152674833,24361,38362,0.6350294562327303,SHORTAGE,14001,0,0.0,14001.0,38362.0,0.0
2017-08-07,51,BOOKS,12,Guayaquil,Guayas,A,17,1.7325580417244535,21,14,1.5,OVERSTOCK,0,7,7.0,0.0,14.0,0.0
2017-08-07,51,BREAD/BAKERY,6441,Guayaquil,Guayas,A,17,1.0824573577884833,6972,7729,0.902057187216975,BALANCED,757,0,0.0,757.0,7729.0,0.0
2017-08-07,51,CELEBRATION,59,Guayaquil,Guayas,A,17,0.8696273694550485,51,71,0.7183098591549296,SHORTAGE,20,0,0.0,0.0,51.0,20.0
2017-08-07,51,CLEANING,10183,Guayaquil,Guayas,A,17,1.6160052606098925,16456,12220,1.346644844517185,OVERSTOCK,0,4236,4236.0,0.0,12220.0,0.0
2017-08-07,51,DAIRY,11677,Guayaquil,Guayas,A,17,1.0790343631893486,12600,14012,0.8992292320867827,SHORTAGE,1412,0,0.0,0.0,12600.0,1412.0
2017-08-07,51,DELI,1872,Guayaquil,Guayas,A,17,0.6421401733315999,1202,2246,0.5351736420302761,SHORTAGE,1044,0,0.0,1044.0,2246.0,0.0
2017-08-07,51,EGGS,2512,Guayaquil,Guayas,A,17,0.7943298842995574,1995,3014,0.6619110816191108,SHORTAGE,1019,0,0.0,1019.0,3014.0,0.0
2017-08-07,51,FROZEN FOODS,1907,Guayaquil,Guayas,A,17,1.367100408427404,2607,2288,1.1394230769230769,OVERSTOCK,0,319,319.0,0.0,2288.0,0.0
2017-08-07,51,GROCERY I,35190,Guayaquil,Guayas,A,17,1.539486329006069,54175,42228,1.2829165482618168,OVERSTOCK,0,11947,9131.0,0.0,45044.0,0.0
2017-08-07,51,GROCERY II,262,Guayaquil,Guayas,A,17,0.8531212661864556,224,314,0.7133757961783439,SHORTAGE,90,0,0.0,3.0,227.0,87.0
2017-08-07,51,HARDWARE,19,Guayaquil,Guayas,A,17,1.7008747071193708,32,23,1.391304347826087,OVERSTOCK,0,9,6.0,0.0,26.0,0.0
2017-08-07,51,HOME AND KITCHEN I,208,Guayaquil,Guayas,A,17,1.6211965440625975,337,250,1.348,OVERSTOCK,0,87,87.0,0.0,250.0,0.0
2017-08-07,51,HOME AND KITCHEN II,246,Guayaquil,Guayas,A,17,1.6180569048732973,398,295,1.3491525423728814,OVERSTOCK,0,103,56.0,0.0,342.0,0.0
2017-08-07,51,HOME APPLIANCES,13,Guayaquil,Guayas,A,17,0.873193376159057,11,16,0.6875,SHORTAGE,5,0,0.0,5.0,16.0,0.0
2017-08-07,51,HOME CARE,2454,Guayaquil,Guayas,A,17,0.6606431863800692,1621,2945,0.5504244482173175,SHORTAGE,1324,0,0.0,1324.0,2945.0,0.0
2017-08-07,51,LADIESWEAR,27,Guayaquil,Guayas,A,17,1.6409082473791006,44,32,1.375,OVERSTOCK,0,12,0.0,0.0,44.0,0.0
2017-08-07,51,LAWN AND GARDEN,308,Guayaquil,Guayas,A,17,0.9669602744862809,298,370,0.8054054054054054,SHORTAGE,72,0,0.0,72.0,370.0,0.0
2017-08-07,51,LINGERIE,35,Guayaquil,Guayas,A,17,1.342699657408231,47,42,1.119047619047619,OVERSTOCK,0,5,5.0,0.0,42.0,0.0
2017-08-07,51,"LIQUOR,WINE,BEER",1063,Guayaquil,Guayas,A,17,1.5119602604408762,1607,1276,1.2594043887147335,OVERSTOCK,0,331,331.0,0.0,1276.0,0.0
2017-08-07,51,MAGAZINES,53,Guayaquil,Guayas,A,17,0.7539519102133442,40,64,0.625,SHORTAGE,24,0,0.0,0.0,40.0,24.0
2017-08-07,51,MEATS,4643,Guayaquil,Guayas,A,17,1.5370060254228577,7136,5572,1.280689160086145,OVERSTOCK,0,1564,1564.0,0.0,5572.0,0.0
2017-08-07,51,PERSONAL CARE,2136,Guayaquil,Guayas,A,17,1.726213750753279,3687,2563,1.4385485758876317,OVERSTOCK,0,1124,1124.0,0.0,2563.0,0.0
2017-08-07,51,PET SUPPLIES,141,Guayaquil,Guayas,A,17,1.474049958895691,208,169,1.2307692307692308,OVERSTOCK,0,39,39.0,0.0,169.0,0.0
2017-08-07,51,PLAYERS AND ELECTRONICS,60,Guayaquil,Guayas,A,17,1.1294672981766698,68,72,0.9444444444444444,BALANCED,4,0,0.0,4.0,72.0,0.0
2017-08-07,51,POULTRY,7655,Guayaquil,Guayas,A,17,1.6520137665020436,12646,9186,1.3766601349880252,OVERSTOCK,0,3460,3460.0,0.0,9186.0,0.0
2017-08-07,51,PREPARED FOODS,813,Guayaquil,Guayas,A,17,1.232949156087071,1002,976,1.026639344262295,BALANCED,0,0,0.0,0.0,1002.0,0.0
2017-08-07,51,PRODUCE,36740,Guayaquil,Guayas,A,17,1.493725113380105,54879,44088,1.2447604790419162,OVERSTOCK,0,10791,7969.0,0.0,46910.0,0.0
2017-08-07,51,SCHOOL AND OFFICE SUPPLIES,40,Guayaquil,Guayas,A,17,1.584607132630325,63,48,1.3125,OVERSTOCK,0,15,15.0,0.0,48.0,0.0
2017-08-07,51,SEAFOOD,349,Guayaquil,Guayas,A,17,1.4992234340388073,523,419,1.2482100238663485,OVERSTOCK,0,104,104.0,0.0,419.0,0.0
2017-08-07,52,AUTOMOTIVE,87,Manta,Manabi,A,11,0.9454258512577848,82,104,0.7884615384615384,SHORTAGE,22,0,0.0,22.0,104.0,0.0
2017-08-07,52,BABY CARE,12,Manta,Manabi,A,11,0.7414126810869973,9,14,0.6428571428571429,SHORTAGE,5,0,0.0,5.0,14.0,0.0
2017-08-07,52,BEAUTY,108,Manta,Manabi,A,11,0.8860062352344722,96,130,0.7384615384615385,SHORTAGE,34,0,0.0,0.0,96.0,34.0
2017-08-07,52,BEVERAGES,31751,Manta,Manabi,A,11,1.203449924376424,38211,38101,1.002887063331671,BALANCED,0,0,0.0,0.0,38211.0,0.0
2017-08-07,52,BOOKS,12,Manta,Manabi,A,11,1.206332306751715,14,14,1.0,BALANCED,0,0,0.0,0.0,14.0,0.0
2017-08-07,52,BREAD/BAKERY,5727,Manta,Manabi,A,11,1.2991732191774452,7440,6872,1.0826542491268918,BALANCED,0,0,0.0,0.0,7440.0,0.0
2017-08-07,52,CELEBRATION,70,Manta,Manabi,A,11,1.074122205057469,75,84,0.8928571428571429,SHORTAGE,9,0,0.0,0.0,75.0,9.0
2017-08-07,52,CLEANING,11461,Manta,Manabi,A,11,1.5442696577400334,17699,13753,1.2869192176252453,OVERSTOCK,0,3946,3946.0,0.0,13753.0,0.0
2017-08-07,52,DAIRY,8572,Manta,Manabi,A,11,1.6957845004166494,14536,10286,1.4131829671398017,OVERSTOCK,0,4250,4250.0,0.0,10286.0,0.0
2017-08-07,52,DELI,2673,Manta,Manabi,A,11,0.8960700641753655,2395,3208,0.746571072319202,SHORTAGE,813,0,0.0,813.0,3208.0,0.0
2017-08-07,52,EGGS,1590,Manta,Manabi,A,11,1.4838278612422657,2359,1908,1.2363731656184487,OVERSTOCK,0,451,451.0,0.0,1908.0,0.0
2017-08-07,52,FROZEN FOODS,2323,Manta,Manabi,A,11,1.4135662230540538,3284,2788,1.1779053084648494,OVERSTOCK,0,496,274.0,0.0,3010.0,0.0
2017-08-07,52,GROCERY I,45057,Manta,Manabi,A,11,1.227708599135178,55317,54068,1.0231005400606643,BALANCED,0,0,0.0,0.0,55317.0,0.0
2017-08-07,52,GROCERY II,488,Manta,Manabi,A,11,0.8262362806489923,403,586,0.6877133105802048,SHORTAGE,183,0,0.0,183.0,586.0,0.0
2017-08-07,52,HARDWARE,30,Manta,Manabi,A,11,1.5542787102992515,47,36,1.3055555555555556,OVERSTOCK,0,11,7.0,0.0,40.0,0.0
2017-08-07,52,HOME AND KITCHEN I,389,Manta,Manabi,A,11,1.7527515427545994,682,467,1.4603854389721627,OVERSTOCK,0,215,215.0,0.0,467.0,0.0
2017-08-07,52,HOME AND KITCHEN II,316,Manta,Manabi,A,11,1.4662035986803361,463,379,1.2216358839050132,OVERSTOCK,0,84,23.0,0.0,440.0,0.0
2017-08-07,52,HOME APPLIANCES,13,Manta,Manabi,A,11,1.701431995950881,22,16,1.375,OVERSTOCK,0,6,6.0,0.0,16.0,0.0
2017-08-07,52,HOME CARE,2611,Manta,Manabi,A,11,1.7810223179376,4650,3133,1.4842004468560486,OVERSTOCK,0,1517,1483.0,0.0,3167.0,0.0
2017-08-07,52,LADIESWEAR,63,Manta,Manabi,A,11,1.022460809087086,64,76,0.8421052631578947,SHORTAGE,12,0,0.0,12.0,76.0,0.0
2017-08-07,52,LAWN AND GARDEN,364,Manta,Manabi,A,11,1.3658682635116044,497,437,1.137299771167048,OVERSTOCK,0,60,0.0,0.0,497.0,0.0
2017-08-07,52,LINGERIE,71,Manta,Manabi,A,11,1.1687192851656936,83,85,0.9764705882352941,BALANCED,2,0,0.0,0.0,83.0,2.0
2017-08-07,52,"LIQUOR,WINE,BEER",1651,Manta,Manabi,A,11,1.7839544962358762,2945,1981,1.486622917718324,OVERSTOCK,0,964,964.0,0.0,1981.0,0.0
2017-08-07,52,MAGAZINES,56,Manta,Manabi,A,11,0.7125693888092699,40,67,0.5970149253731343,SHORTAGE,27,0,0.0,0.0,40.0,27.0
2017-08-07,52,MEATS,3403,Manta,Manabi,A,11,1.0948498971566696,3726,4084,0.9123408423114594,BALANCED,358,0,0.0,0.0,3726.0,358.0
2017-08-07,52,PERSONAL CARE,2535,Manta,Manabi,A,11,1.6506468534326835,4184,3042,1.3754109138724524,OVERSTOCK,0,1142,1142.0,0.0,3042.0,0.0
2017-08-07,52,PET SUPPLIES,111,Manta,Manabi,A,11,0.9408615726318186,104,133,0.7819548872180451,SHORTAGE,29,0,0.0,0.0,104.0,29.0
2017-08-07,52,PLAYERS AND ELECTRONICS,192,Manta,Manabi,A,11,1.5453514207666474,297,230,1.291304347826087,OVERSTOCK,0,67,52.0,0.0,245.0,0.0
2017-08-07,52,POULTRY,3359,Manta,Manabi,A,11,1.0593397953363068,3558,4031,0.8826593897295957,SHORTAGE,473,0,0.0,473.0,4031.0,0.0
2017-08-07,52,PREPARED FOODS,873,Manta,Manabi,A,11,1.7759742478681901,1550,1048,1.4790076335877862,OVERSTOCK,0,502,502.0,0.0,1048.0,0.0
2017-08-07,52,PRODUCE,34445,Manta,Manabi,A,11,1.6602358037084493,57187,41334,1.3835341365461848,OVERSTOCK,0,15853,11948.0,0.0,45239.0,0.0
2017-08-07,52,SCHOOL AND OFFICE SUPPLIES,34,Manta,Manabi,A,11,0.9615844291951384,33,41,0.8048780487804879,SHORTAGE,8,0,0.0,0.0,33.0,8.0
2017-08-07,52,SEAFOOD,75,Manta,Manabi,A,11,1.5242317362454263,114,90,1.2666666666666666,OVERSTOCK,0,24,24.0,0.0,90.0,0.0
2017-08-07,53,AUTOMOTIVE,67,Manta,Manabi,D,13,1.0042278525999224,67,80,0.8375,SHORTAGE,13,0,0.0,13.0,80.0,0.0
2017-08-07,53,BABY CARE,12,Manta,Manabi,D,13,1.3276354082586421,16,14,1.1428571428571428,OVERSTOCK,0,2,2.0,0.0,14.0,0.0
2017-08-07,53,BEAUTY,5,Manta,Manabi,D,13,1.3901769220719504,7,6,1.1666666666666667,OVERSTOCK,0,1,1.0,0.0,6.0,0.0
2017-08-07,53,BEVERAGES,17319,Manta,Manabi,D,13,1.595514490902846,27633,20783,1.3295963046720878,OVERSTOCK,0,6850,6850.0,0.0,20783.0,0.0
2017-08-07,53,BOOKS,12,Manta,Manabi,D,13,0.6293410090584178,8,14,0.5714285714285714,SHORTAGE,6,0,0.0,6.0,14.0,0.0
2017-08-07,53,BREAD/BAKERY,3762,Manta,Manabi,D,13,0.8641894693827596,3251,4514,0.7202038103677448,SHORTAGE,1263,0,0.0,1263.0,4514.0,0.0
2017-08-07,53,CELEBRATION,76,Manta,Manabi,D,13,1.4543013727062946,111,91,1.2197802197802199,OVERSTOCK,0,20,20.0,0.0,91.0,0.0
2017-08-07,53,CLEANING,7548,Manta,Manabi,D,13,1.276227884363445,9633,9058,1.06347979686465,BALANCED,0,0,0.0,0.0,9633.0,0.0
2017-08-07,53,DAIRY,4218,Manta,Manabi,D,13,1.1947260938413717,5039,5062,0.9954563413670486,BALANCED,23,0,0.0,0.0,5039.0,23.0
2017-08-07,53,DELI,1701,Manta,Manabi,D,13,0.6662519480495765,1133,2041,0.5551200391964723,SHORTAGE,908,0,0.0,908.0,2041.0,0.0
2017-08-07,53,EGGS,722,Manta,Manabi,D,13,1.0179310601537475,735,866,0.848729792147806,SHORTAGE,131,0,0.0,0.0,735.0,131.0
2017-08-07,53,FROZEN FOODS,850,Manta,Manabi,D,13,1.6381202782927782,1392,1020,1.3647058823529412,OVERSTOCK,0,372,156.0,0.0,1236.0,0.0
2017-08-07,53,GROCERY I,23493,Manta,Manabi,D,13,0.6370714044432386,14967,28192,0.5308952894438138,SHORTAGE,13225,0,0.0,13225.0,28192.0,0.0
2017-08-07,53,GROCERY II,141,Manta,Manabi,D,13,1.0757234824377746,152,169,0.8994082840236687,SHORTAGE,17,0,0.0,0.0,152.0,17.0
2017-08-07,53,HARDWARE,16,Manta,Manabi,D,13,1.7341779452049273,28,19,1.4736842105263157,OVERSTOCK,0,9,3.0,0.0,25.0,0.0
2017-08-07,53,HOME AND KITCHEN I,197,Manta,Manabi,D,13,0.6610568814540175,130,236,0.5508474576271186,SHORTAGE,106,0,0.0,106.0,236.0,0.0
2017-08-07,53,HOME AND KITCHEN II,175,Manta,Manabi,D,13,1.4996469012535643,262,210,1.2476190476190476,OVERSTOCK,0,52,0.0,0.0,262.0,0.0
2017-08-07,53,HOME APPLIANCES,13,Manta,Manabi,D,13,0.9091351394184438,12,16,0.75,SHORTAGE,4,0,0.0,4.0,16.0,0.0
2017-08-07,53,HOME CARE,1638,Manta,Manabi,D,13,1.639930598584407,2686,1966,1.3662258392675484,OVERSTOCK,0,720,720.0,0.0,1966.0,0.0
2017-08-07,53,LADIESWEAR,28,Manta,Manabi,D,13,1.4952815747512382,42,34,1.2352941176470589,OVERSTOCK,0,8,8.0,0.0,34.0,0.0
2017-08-07,53,LAWN AND GARDEN,67,Manta,Manabi,D,13,1.6628462050300357,111,80,1.3875,OVERSTOCK,0,31,0.0,0.0,111.0,0.0
2017-08-07,53,LINGERIE,53,Manta,Manabi,D,13,0.8591097485175192,46,64,0.71875,SHORTAGE,18,0,0.0,0.0,46.0,18.0
2017-08-07,53,"LIQUOR,WINE,BEER",679,Manta,Manabi,D,13,1.237551305782326,840,815,1.030674846625767,BALANCED,0,0,0.0,0.0,840.0,0.0
2017-08-07,53,MAGAZINES,22,Manta,Manabi,D,13,1.535123932289761,34,26,1.3076923076923077,OVERSTOCK,0,8,8.0,0.0,26.0,0.0
2017-08-07,53,MEATS,2109,Manta,Manabi,D,13,0.8948396915939772,1887,2531,0.7455551165547215,SHORTAGE,644,0,0.0,644.0,2531.0,0.0
2017-08-07,53,PERSONAL CARE,1916,Manta,Manabi,D,13,0.8768955663206603,1680,2299,0.7307525010874293,SHORTAGE,619,0,0.0,619.0,2299.0,0.0
2017-08-07,53,PET SUPPLIES,35,Manta,Manabi,D,13,0.632618560197102,22,42,0.5238095238095238,SHORTAGE,20,0,0.0,0.0,22.0,20.0
2017-08-07,53,PLAYERS AND ELECTRONICS,35,Manta,Manabi,D,13,1.7502183527705428,61,42,1.4523809523809523,OVERSTOCK,0,19,1.0,0.0,60.0,0.0
2017-08-07,53,POULTRY,1387,Manta,Manabi,D,13,1.4520202560655482,2014,1664,1.2103365384615385,OVERSTOCK,0,350,350.0,0.0,1664.0,0.0
2017-08-07,53,PREPARED FOODS,430,Manta,Manabi,D,13,1.362672424812222,586,516,1.1356589147286822,OVERSTOCK,0,70,70.0,0.0,516.0,0.0
2017-08-07,53,PRODUCE,15403,Manta,Manabi,D,13,1.4927936672339892,22994,18484,1.2439948063189785,OVERSTOCK,0,4510,177.0,0.0,22817.0,0.0
2017-08-07,53,SCHOOL AND OFFICE SUPPLIES,13,Manta,Manabi,D,13,1.2379355024345273,16,16,1.0,BALANCED,0,0,0.0,0.0,16.0,0.0
2017-08-07,53,SEAFOOD,9,Manta,Manabi,D,13,1.1713605853084925,11,11,1.0,BALANCED,0,0,0.0,0.0,11.0,0.0
2017-08-07,54,AUTOMOTIVE,39,El Carmen,Manabi,C,3,1.1394386893482251,44,47,0.9361702127659575,BALANCED,3,0,0.0,0.0,44.0,3.0
2017-08-07,54,BABY CARE,12,El Carmen,Manabi,C,3,1.3685270545243697,16,14,1.1428571428571428,OVERSTOCK,0,2,2.0,0.0,14.0,0.0
2017-08-07,54,BEAUTY,17,El Carmen,Manabi,C,3,0.8418419704708598,14,20,0.7,SHORTAGE,6,0,0.0,0.0,14.0,6.0
2017-08-07,54,BEVERAGES,23829,El Carmen,Manabi,C,3,1.6656704340178436,39691,28595,1.3880398671096346,OVERSTOCK,0,11096,11096.0,0.0,28595.0,0.0
2017-08-07,54,BOOKS,12,El Carmen,Manabi,C,3,1.5741028454631183,19,14,1.3571428571428572,OVERSTOCK,0,5,5.0,0.0,14.0,0.0
2017-08-07,54,BREAD/BAKERY,1763,El Carmen,Manabi,C,3,1.0194763337424406,1797,2116,0.8492438563327032,SHORTAGE,319,0,0.0,319.0,2116.0,0.0
2017-08-07,54,CELEBRATION,39,El Carmen,Manabi,C,3,1.2943311561750293,50,47,1.0638297872340425,BALANCED,0,0,0.0,0.0,50.0,0.0
2017-08-07,54,CLEANING,8541,El Carmen,Manabi,C,3,0.7692327599400175,6570,10249,0.6410381500634208,SHORTAGE,3679,0,0.0,0.0,6570.0,3679.0
2017-08-07,54,DAIRY,1868,El Carmen,Manabi,C,3,1.7668154975203179,3300,2242,1.471900089206066,OVERSTOCK,0,1058,1058.0,0.0,2242.0,0.0
2017-08-07,54,DELI,1742,El Carmen,Manabi,C,3,1.6834712251563404,2933,2090,1.4033492822966507,OVERSTOCK,0,843,843.0,0.0,2090.0,0.0
2017-08-07,54,EGGS,479,El Carmen,Manabi,C,3,1.7062770077990406,817,575,1.4208695652173913,OVERSTOCK,0,242,242.0,0.0,575.0,0.0
2017-08-07,54,FROZEN FOODS,241,El Carmen,Manabi,C,3,0.998595657244142,241,289,0.8339100346020761,SHORTAGE,48,0,0.0,48.0,289.0,0.0
2017-08-07,54,GROCERY I,21290,El Carmen,Manabi,C,3,0.8029616488594269,17095,25548,0.6691326131204008,SHORTAGE,8453,0,0.0,8453.0,25548.0,0.0
2017-08-07,54,GROCERY II,47,El Carmen,Manabi,C,3,0.8541265961595724,40,56,0.7142857142857143,SHORTAGE,16,0,0.0,0.0,40.0,16.0
2017-08-07,54,HARDWARE,14,El Carmen,Manabi,C,3,0.7080016692541078,10,17,0.5882352941176471,SHORTAGE,7,0,0.0,7.0,17.0,0.0
2017-08-07,54,HOME AND KITCHEN I,123,El Carmen,Manabi,C,3,0.7441327561216612,92,148,0.6216216216216216,SHORTAGE,56,0,0.0,56.0,148.0,0.0
2017-08-07,54,HOME AND KITCHEN II,43,El Carmen,Manabi,C,3,0.6855654410218145,29,52,0.5576923076923077,SHORTAGE,23,0,0.0,23.0,52.0,0.0
2017-08-07,54,HOME APPLIANCES,13,El Carmen,Manabi,C,3,1.7877876830458483,23,16,1.4375,OVERSTOCK,0,7,7.0,0.0,16.0,0.0
2017-08-07,54,HOME CARE,1748,El Carmen,Manabi,C,3,0.6888692200428883,1204,2098,0.5738798856053384,SHORTAGE,894,0,0.0,894.0,2098.0,0.0
2017-08-07,54,LADIESWEAR,13,El Carmen,Manabi,C,3,0.7590504971416964,10,16,0.625,SHORTAGE,6,0,0.0,6.0,16.0,0.0
2017-08-07,54,LAWN AND GARDEN,13,El Carmen,Manabi,C,3,1.5927055147088838,21,16,1.3125,OVERSTOCK,0,5,0.0,0.0,21.0,0.0
2017-08-07,54,LINGERIE,35,El Carmen,Manabi,C,3,1.2962882600915318,45,42,1.0714285714285714,BALANCED,0,0,0.0,0.0,45.0,0.0
2017-08-07,54,"LIQUOR,WINE,BEER",136,El Carmen,Manabi,C,3,1.529300645483199,208,163,1.2760736196319018,OVERSTOCK,0,45,45.0,0.0,163.0,0.0
2017-08-07,54,MAGAZINES,14,El Carmen,Manabi,C,3,1.3570944093271862,19,17,1.1176470588235294,OVERSTOCK,0,2,2.0,0.0,17.0,0.0
2017-08-07,54,MEATS,338,El Carmen,Manabi,C,3,1.6586100843947378,561,406,1.3817733990147782,OVERSTOCK,0,155,155.0,0.0,406.0,0.0
2017-08-07,54,PERSONAL CARE,1409,El Carmen,Manabi,C,3,1.3661610333176888,1925,1691,1.1383796570076878,OVERSTOCK,0,234,234.0,0.0,1691.0,0.0
2017-08-07,54,PET SUPPLIES,13,El Carmen,Manabi,C,3,1.2265501114837811,16,16,1.0,BALANCED,0,0,0.0,0.0,16.0,0.0
2017-08-07,54,PLAYERS AND ELECTRONICS,27,El Carmen,Manabi,C,3,1.4552996325135596,39,32,1.21875,OVERSTOCK,0,7,0.0,0.0,39.0,0.0
2017-08-07,54,POULTRY,467,El Carmen,Manabi,C,3,1.1368713021505314,531,560,0.9482142857142857,BALANCED,29,0,0.0,0.0,531.0,29.0
2017-08-07,54,PREPARED FOODS,623,El Carmen,Manabi,C,3,1.0152765874856817,633,748,0.8462566844919787,SHORTAGE,115,0,0.0,115.0,748.0,0.0
2017-08-07,54,PRODUCE,4544,El Carmen,Manabi,C,3,1.161182942940255,5276,5453,0.9675408032275812,BALANCED,177,0,0.0,177.0,5453.0,0.0
2017-08-07,54,SCHOOL AND OFFICE SUPPLIES,13,El Carmen,Manabi,C,3,0.8036569261182728,10,16,0.625,SHORTAGE,6,0,0.0,0.0,10.0,6.0
2017-08-07,54,SEAFOOD,5,El Carmen,Manabi,C,3,1.5558860757632298,8,6,1.3333333333333333,OVERSTOCK,0,2,2.0,0.0,6.0,0.0
